/*
SQLyog Community v13.1.5  (64 bit)
MySQL - 10.4.10-MariaDB : Database - fillsmart
*********************************************************************
*/

/*!40101 SET NAMES utf8 */;

/*!40101 SET SQL_MODE=''*/;

/*!40014 SET @OLD_UNIQUE_CHECKS=@@UNIQUE_CHECKS, UNIQUE_CHECKS=0 */;
/*!40014 SET @OLD_FOREIGN_KEY_CHECKS=@@FOREIGN_KEY_CHECKS, FOREIGN_KEY_CHECKS=0 */;
/*!40101 SET @OLD_SQL_MODE=@@SQL_MODE, SQL_MODE='NO_AUTO_VALUE_ON_ZERO' */;
/*!40111 SET @OLD_SQL_NOTES=@@SQL_NOTES, SQL_NOTES=0 */;
CREATE DATABASE /*!32312 IF NOT EXISTS*/`fillsmart` /*!40100 DEFAULT CHARACTER SET utf8 */;

USE `fillsmart`;

/*Data for the table `authorization` */

insert  into `authorization`(`id`,`created`,`updated`,`deleted`,`stamp`,`status`,`seller_id`) values 
(1,'2020-03-20 09:56:37',NULL,0,'2020-03-20 09:56:37','authorized',14),
(2,'2020-03-20 09:56:38',NULL,0,'2020-03-20 09:56:38','authorized',4),
(3,'2020-03-20 09:56:38',NULL,0,'2020-03-20 09:56:38','authorized',10),
(4,'2020-03-20 09:56:38',NULL,0,'2020-03-20 09:56:38','authorized',15),
(5,'2020-03-20 09:56:38',NULL,0,'2020-03-20 09:56:38','authorized',2),
(6,'2020-03-20 09:56:38',NULL,0,'2020-03-20 09:56:38','authorized',17),
(7,'2020-03-20 09:56:38',NULL,0,'2020-03-20 09:56:38','authorized',18),
(8,'2020-03-20 09:56:38',NULL,0,'2020-03-20 09:56:38','authorized',20),
(9,'2020-03-20 09:56:38',NULL,0,'2020-03-20 09:56:38','authorized',18),
(10,'2020-03-20 09:56:38',NULL,0,'2020-03-20 09:56:38','authorized',8),
(11,'2020-03-20 09:56:38',NULL,0,'2020-03-20 09:56:38','authorized',10),
(12,'2020-03-20 09:56:38',NULL,0,'2020-03-20 09:56:38','authorized',8),
(13,'2020-03-20 09:56:38',NULL,0,'2020-03-20 09:56:38','authorized',1),
(14,'2020-03-20 09:56:38',NULL,0,'2020-03-20 09:56:38','authorized',3),
(15,'2020-03-20 09:56:39',NULL,0,'2020-03-20 09:56:39','authorized',9),
(16,'2020-03-20 09:56:39',NULL,0,'2020-03-20 09:56:39','authorized',10),
(17,'2020-03-20 09:56:39',NULL,0,'2020-03-20 09:56:39','authorized',4),
(18,'2020-03-20 09:56:39',NULL,0,'2020-03-20 09:56:39','authorized',13),
(19,'2020-03-20 09:56:39',NULL,0,'2020-03-20 09:56:39','authorized',15),
(20,'2020-03-20 09:56:39',NULL,0,'2020-03-20 09:56:39','authorized',1),
(21,'2020-03-20 09:56:39',NULL,0,'2020-03-20 09:56:39','authorized',4),
(22,'2020-03-20 09:56:39',NULL,0,'2020-03-20 09:56:39','authorized',9),
(23,'2020-03-20 09:56:39',NULL,0,'2020-03-20 09:56:39','authorized',13),
(24,'2020-03-20 09:56:39',NULL,0,'2020-03-20 09:56:39','authorized',6),
(25,'2020-03-20 09:56:39',NULL,0,'2020-03-20 09:56:39','authorized',19),
(26,'2020-03-20 09:56:39',NULL,0,'2020-03-20 09:56:39','authorized',10),
(27,'2020-03-20 09:56:39',NULL,0,'2020-03-20 09:56:39','authorized',9),
(28,'2020-03-20 09:56:40',NULL,0,'2020-03-20 09:56:40','authorized',13),
(29,'2020-03-20 09:56:40',NULL,0,'2020-03-20 09:56:40','authorized',8),
(30,'2020-03-20 09:56:40',NULL,0,'2020-03-20 09:56:40','authorized',5),
(31,'2020-03-20 09:56:40',NULL,0,'2020-03-20 09:56:40','authorized',18),
(32,'2020-03-20 09:56:40',NULL,0,'2020-03-20 09:56:40','authorized',2),
(33,'2020-03-20 09:56:40',NULL,0,'2020-03-20 09:56:40','authorized',9),
(34,'2020-03-20 09:56:40',NULL,0,'2020-03-20 09:56:40','authorized',17),
(35,'2020-03-20 09:56:40',NULL,0,'2020-03-20 09:56:40','authorized',13),
(36,'2020-03-20 09:56:40',NULL,0,'2020-03-20 09:56:40','authorized',7),
(37,'2020-03-20 09:56:40',NULL,0,'2020-03-20 09:56:40','authorized',17),
(38,'2020-03-20 09:56:40',NULL,0,'2020-03-20 09:56:40','authorized',5),
(39,'2020-03-20 09:56:40',NULL,0,'2020-03-20 09:56:40','authorized',6),
(40,'2020-03-20 09:56:40',NULL,0,'2020-03-20 09:56:40','authorized',11),
(41,'2020-03-20 09:56:40',NULL,0,'2020-03-20 09:56:40','authorized',14),
(42,'2020-03-20 09:56:41',NULL,0,'2020-03-20 09:56:41','authorized',6),
(43,'2020-03-20 09:56:41',NULL,0,'2020-03-20 09:56:41','authorized',3),
(44,'2020-03-20 09:56:41',NULL,0,'2020-03-20 09:56:41','authorized',10),
(45,'2020-03-20 09:56:41',NULL,0,'2020-03-20 09:56:41','authorized',20),
(46,'2020-03-20 09:56:41',NULL,0,'2020-03-20 09:56:41','authorized',14),
(47,'2020-03-20 09:56:41',NULL,0,'2020-03-20 09:56:41','authorized',18),
(48,'2020-03-20 09:56:41',NULL,0,'2020-03-20 09:56:41','authorized',20),
(49,'2020-03-20 09:56:41',NULL,0,'2020-03-20 09:56:41','authorized',1),
(50,'2020-03-20 09:56:41',NULL,0,'2020-03-20 09:56:41','authorized',2),
(51,'2020-03-20 09:56:41',NULL,0,'2020-03-20 09:56:41','authorized',20),
(52,'2020-03-20 09:56:41',NULL,0,'2020-03-20 09:56:41','authorized',20),
(53,'2020-03-20 09:56:41',NULL,0,'2020-03-20 09:56:41','authorized',14),
(54,'2020-03-20 09:56:41',NULL,0,'2020-03-20 09:56:41','authorized',9),
(55,'2020-03-20 09:56:41',NULL,0,'2020-03-20 09:56:41','authorized',17),
(56,'2020-03-20 09:56:42',NULL,0,'2020-03-20 09:56:42','authorized',18),
(57,'2020-03-20 09:56:42',NULL,0,'2020-03-20 09:56:42','authorized',19),
(58,'2020-03-20 09:56:42',NULL,0,'2020-03-20 09:56:42','authorized',6),
(59,'2020-03-20 09:56:42',NULL,0,'2020-03-20 09:56:42','authorized',10),
(60,'2020-03-20 09:56:42',NULL,0,'2020-03-20 09:56:42','authorized',14),
(61,'2020-03-20 09:56:42',NULL,0,'2020-03-20 09:56:42','authorized',3),
(62,'2020-03-20 09:56:42',NULL,0,'2020-03-20 09:56:42','authorized',17),
(63,'2020-03-20 09:56:42',NULL,0,'2020-03-20 09:56:42','authorized',7),
(64,'2020-03-20 09:56:42',NULL,0,'2020-03-20 09:56:42','authorized',15),
(65,'2020-03-20 09:56:42',NULL,0,'2020-03-20 09:56:42','authorized',20),
(66,'2020-03-20 09:56:42',NULL,0,'2020-03-20 09:56:42','authorized',18),
(67,'2020-03-20 09:56:42',NULL,0,'2020-03-20 09:56:42','authorized',18),
(68,'2020-03-20 09:56:42',NULL,0,'2020-03-20 09:56:42','authorized',13),
(69,'2020-03-20 09:56:43',NULL,0,'2020-03-20 09:56:43','authorized',3),
(70,'2020-03-20 09:56:43',NULL,0,'2020-03-20 09:56:43','authorized',9),
(71,'2020-03-20 09:56:43',NULL,0,'2020-03-20 09:56:43','authorized',13),
(72,'2020-03-20 09:56:43',NULL,0,'2020-03-20 09:56:43','authorized',13),
(73,'2020-03-20 09:56:43',NULL,0,'2020-03-20 09:56:43','authorized',11),
(74,'2020-03-20 09:56:43',NULL,0,'2020-03-20 09:56:43','authorized',2),
(75,'2020-03-20 09:56:43',NULL,0,'2020-03-20 09:56:43','authorized',15),
(76,'2020-03-20 09:56:43',NULL,0,'2020-03-20 09:56:43','authorized',14),
(77,'2020-03-20 09:56:43',NULL,0,'2020-03-20 09:56:43','authorized',5),
(78,'2020-03-20 09:56:43',NULL,0,'2020-03-20 09:56:43','authorized',9),
(79,'2020-03-20 09:56:43',NULL,0,'2020-03-20 09:56:43','authorized',11),
(80,'2020-03-20 09:56:43',NULL,0,'2020-03-20 09:56:43','authorized',9),
(81,'2020-03-20 09:56:43',NULL,0,'2020-03-20 09:56:43','authorized',1),
(82,'2020-03-20 09:56:43',NULL,0,'2020-03-20 09:56:43','authorized',6),
(83,'2020-03-20 09:56:44',NULL,0,'2020-03-20 09:56:44','authorized',9),
(84,'2020-03-20 09:56:44',NULL,0,'2020-03-20 09:56:44','authorized',11),
(85,'2020-03-20 09:56:44',NULL,0,'2020-03-20 09:56:44','authorized',4),
(86,'2020-03-20 09:56:44',NULL,0,'2020-03-20 09:56:44','authorized',20),
(87,'2020-03-20 09:56:44',NULL,0,'2020-03-20 09:56:44','authorized',7),
(88,'2020-03-20 09:56:44',NULL,0,'2020-03-20 09:56:44','authorized',12),
(89,'2020-03-20 09:56:44',NULL,0,'2020-03-20 09:56:44','authorized',3),
(90,'2020-03-20 09:56:44',NULL,0,'2020-03-20 09:56:44','authorized',10),
(91,'2020-03-20 09:56:44',NULL,0,'2020-03-20 09:56:44','authorized',13),
(92,'2020-03-20 09:56:44',NULL,0,'2020-03-20 09:56:44','authorized',1),
(93,'2020-03-20 09:56:44',NULL,0,'2020-03-20 09:56:44','authorized',20),
(94,'2020-03-20 09:56:44',NULL,0,'2020-03-20 09:56:44','authorized',4),
(95,'2020-03-20 09:56:44',NULL,0,'2020-03-20 09:56:44','authorized',10),
(96,'2020-03-20 09:56:45',NULL,0,'2020-03-20 09:56:45','authorized',6),
(97,'2020-03-20 09:56:45',NULL,0,'2020-03-20 09:56:45','authorized',1),
(98,'2020-03-20 09:56:45',NULL,0,'2020-03-20 09:56:45','authorized',18),
(99,'2020-03-20 09:56:45',NULL,0,'2020-03-20 09:56:45','authorized',16),
(100,'2020-03-20 09:56:45',NULL,0,'2020-03-20 09:56:45','authorized',11),
(101,'2020-03-20 09:56:45',NULL,0,'2020-03-20 09:56:45','authorized',5),
(102,'2020-03-20 09:56:45',NULL,0,'2020-03-20 09:56:45','authorized',18),
(103,'2020-03-20 09:56:45',NULL,0,'2020-03-20 09:56:45','authorized',12),
(104,'2020-03-20 09:56:45',NULL,0,'2020-03-20 09:56:45','authorized',8),
(105,'2020-03-20 09:56:45',NULL,0,'2020-03-20 09:56:45','authorized',12),
(106,'2020-03-20 09:56:45',NULL,0,'2020-03-20 09:56:45','authorized',10),
(107,'2020-03-20 09:56:45',NULL,0,'2020-03-20 09:56:45','authorized',7),
(108,'2020-03-20 09:56:45',NULL,0,'2020-03-20 09:56:45','authorized',7),
(109,'2020-03-20 09:56:46',NULL,0,'2020-03-20 09:56:46','authorized',14),
(110,'2020-03-20 09:56:46',NULL,0,'2020-03-20 09:56:46','authorized',6),
(111,'2020-03-20 09:56:46',NULL,0,'2020-03-20 09:56:46','authorized',14),
(112,'2020-03-20 09:56:46',NULL,0,'2020-03-20 09:56:46','authorized',8),
(113,'2020-03-20 09:56:46',NULL,0,'2020-03-20 09:56:46','authorized',11),
(114,'2020-03-20 09:56:46',NULL,0,'2020-03-20 09:56:46','authorized',4),
(115,'2020-03-20 09:56:46',NULL,0,'2020-03-20 09:56:46','authorized',14),
(116,'2020-03-20 09:56:46',NULL,0,'2020-03-20 09:56:46','authorized',14),
(117,'2020-03-20 09:56:46',NULL,0,'2020-03-20 09:56:46','authorized',2),
(118,'2020-03-20 09:56:46',NULL,0,'2020-03-20 09:56:46','authorized',4),
(119,'2020-03-20 09:56:46',NULL,0,'2020-03-20 09:56:46','authorized',8),
(120,'2020-03-20 09:56:46',NULL,0,'2020-03-20 09:56:46','authorized',19),
(121,'2020-03-20 09:56:46',NULL,0,'2020-03-20 09:56:46','authorized',18),
(122,'2020-03-20 09:56:46',NULL,0,'2020-03-20 09:56:46','authorized',12),
(123,'2020-03-20 09:56:47',NULL,0,'2020-03-20 09:56:47','authorized',8),
(124,'2020-03-20 09:56:47',NULL,0,'2020-03-20 09:56:47','authorized',2),
(125,'2020-03-20 09:56:47',NULL,0,'2020-03-20 09:56:47','authorized',9),
(126,'2020-03-20 09:56:47',NULL,0,'2020-03-20 09:56:47','authorized',18),
(127,'2020-03-20 09:56:47',NULL,0,'2020-03-20 09:56:47','authorized',12),
(128,'2020-03-20 09:56:47',NULL,0,'2020-03-20 09:56:47','authorized',18),
(129,'2020-03-20 09:56:47',NULL,0,'2020-03-20 09:56:47','authorized',12),
(130,'2020-03-20 09:56:47',NULL,0,'2020-03-20 09:56:47','authorized',5),
(131,'2020-03-20 09:56:47',NULL,0,'2020-03-20 09:56:47','authorized',11),
(132,'2020-03-20 09:56:47',NULL,0,'2020-03-20 09:56:47','authorized',5),
(133,'2020-03-20 09:56:47',NULL,0,'2020-03-20 09:56:47','authorized',16),
(134,'2020-03-20 09:56:47',NULL,0,'2020-03-20 09:56:47','authorized',16),
(135,'2020-03-20 09:56:47',NULL,0,'2020-03-20 09:56:47','authorized',17),
(136,'2020-03-20 09:56:48',NULL,0,'2020-03-20 09:56:48','authorized',11),
(137,'2020-03-20 09:56:48',NULL,0,'2020-03-20 09:56:48','authorized',14),
(138,'2020-03-20 09:56:48',NULL,0,'2020-03-20 09:56:48','authorized',13),
(139,'2020-03-20 09:56:48',NULL,0,'2020-03-20 09:56:48','authorized',3),
(140,'2020-03-20 09:56:48',NULL,0,'2020-03-20 09:56:48','authorized',5),
(141,'2020-03-20 09:56:48',NULL,0,'2020-03-20 09:56:48','authorized',8),
(142,'2020-03-20 09:56:48',NULL,0,'2020-03-20 09:56:48','authorized',17),
(143,'2020-03-20 09:56:48',NULL,0,'2020-03-20 09:56:48','authorized',8),
(144,'2020-03-20 09:56:48',NULL,0,'2020-03-20 09:56:48','authorized',4),
(145,'2020-03-20 09:56:48',NULL,0,'2020-03-20 09:56:48','authorized',19),
(146,'2020-03-20 09:56:48',NULL,0,'2020-03-20 09:56:48','authorized',15),
(147,'2020-03-20 09:56:48',NULL,0,'2020-03-20 09:56:48','authorized',18),
(148,'2020-03-20 09:56:48',NULL,0,'2020-03-20 09:56:48','authorized',7),
(149,'2020-03-20 09:56:49',NULL,0,'2020-03-20 09:56:49','authorized',10),
(150,'2020-03-20 09:56:49',NULL,0,'2020-03-20 09:56:49','authorized',7),
(151,'2020-03-20 09:56:49',NULL,0,'2020-03-20 09:56:49','authorized',18),
(152,'2020-03-20 09:56:49',NULL,0,'2020-03-20 09:56:49','authorized',7),
(153,'2020-03-20 09:56:49',NULL,0,'2020-03-20 09:56:49','authorized',11),
(154,'2020-03-20 09:56:49',NULL,0,'2020-03-20 09:56:49','authorized',3),
(155,'2020-03-20 09:56:49',NULL,0,'2020-03-20 09:56:49','authorized',8),
(156,'2020-03-20 09:56:49',NULL,0,'2020-03-20 09:56:49','authorized',3),
(157,'2020-03-20 09:56:49',NULL,0,'2020-03-20 09:56:49','authorized',2),
(158,'2020-03-20 09:56:49',NULL,0,'2020-03-20 09:56:49','authorized',6),
(159,'2020-03-20 09:56:49',NULL,0,'2020-03-20 09:56:49','authorized',15),
(160,'2020-03-20 09:56:49',NULL,0,'2020-03-20 09:56:49','authorized',5),
(161,'2020-03-20 09:56:49',NULL,0,'2020-03-20 09:56:49','authorized',5),
(162,'2020-03-20 09:56:50',NULL,0,'2020-03-20 09:56:50','authorized',3),
(163,'2020-03-20 09:56:50',NULL,0,'2020-03-20 09:56:50','authorized',5),
(164,'2020-03-20 09:56:50',NULL,0,'2020-03-20 09:56:50','authorized',20),
(165,'2020-03-20 09:56:50',NULL,0,'2020-03-20 09:56:50','authorized',10),
(166,'2020-03-20 09:56:50',NULL,0,'2020-03-20 09:56:50','authorized',3),
(167,'2020-03-20 09:56:50',NULL,0,'2020-03-20 09:56:50','authorized',19),
(168,'2020-03-20 09:56:50',NULL,0,'2020-03-20 09:56:50','authorized',12),
(169,'2020-03-20 09:56:50',NULL,0,'2020-03-20 09:56:50','authorized',18),
(170,'2020-03-20 09:56:50',NULL,0,'2020-03-20 09:56:50','authorized',15),
(171,'2020-03-20 09:56:50',NULL,0,'2020-03-20 09:56:50','authorized',10),
(172,'2020-03-20 09:56:50',NULL,0,'2020-03-20 09:56:50','authorized',8),
(173,'2020-03-20 09:56:50',NULL,0,'2020-03-20 09:56:50','authorized',17),
(174,'2020-03-20 09:56:50',NULL,0,'2020-03-20 09:56:50','authorized',13),
(175,'2020-03-20 09:56:50',NULL,0,'2020-03-20 09:56:50','authorized',7),
(176,'2020-03-20 09:56:51',NULL,0,'2020-03-20 09:56:51','authorized',19),
(177,'2020-03-20 09:56:51',NULL,0,'2020-03-20 09:56:51','authorized',15),
(178,'2020-03-20 09:56:51',NULL,0,'2020-03-20 09:56:51','authorized',18),
(179,'2020-03-20 09:56:51',NULL,0,'2020-03-20 09:56:51','authorized',6),
(180,'2020-03-20 09:56:51',NULL,0,'2020-03-20 09:56:51','authorized',9),
(181,'2020-03-20 09:56:51',NULL,0,'2020-03-20 09:56:51','authorized',2),
(182,'2020-03-20 09:56:51',NULL,0,'2020-03-20 09:56:51','authorized',19),
(183,'2020-03-20 09:56:51',NULL,0,'2020-03-20 09:56:51','authorized',3),
(184,'2020-03-20 09:56:51',NULL,0,'2020-03-20 09:56:51','authorized',19),
(185,'2020-03-20 09:56:51',NULL,0,'2020-03-20 09:56:51','authorized',15),
(186,'2020-03-20 09:56:51',NULL,0,'2020-03-20 09:56:51','authorized',14),
(187,'2020-03-20 09:56:51',NULL,0,'2020-03-20 09:56:51','authorized',17),
(188,'2020-03-20 09:56:52',NULL,0,'2020-03-20 09:56:52','authorized',8),
(189,'2020-03-20 09:56:52',NULL,0,'2020-03-20 09:56:52','authorized',20),
(190,'2020-03-20 09:56:52',NULL,0,'2020-03-20 09:56:52','authorized',12),
(191,'2020-03-20 09:56:52',NULL,0,'2020-03-20 09:56:52','authorized',15),
(192,'2020-03-20 09:56:52',NULL,0,'2020-03-20 09:56:52','authorized',2),
(193,'2020-03-20 09:56:52',NULL,0,'2020-03-20 09:56:52','authorized',12),
(194,'2020-03-20 09:56:52',NULL,0,'2020-03-20 09:56:52','authorized',3),
(195,'2020-03-20 09:56:52',NULL,0,'2020-03-20 09:56:52','authorized',1),
(196,'2020-03-20 09:56:52',NULL,0,'2020-03-20 09:56:52','authorized',2),
(197,'2020-03-20 09:56:52',NULL,0,'2020-03-20 09:56:52','authorized',17),
(198,'2020-03-20 09:56:52',NULL,0,'2020-03-20 09:56:52','authorized',17),
(199,'2020-03-20 09:56:52',NULL,0,'2020-03-20 09:56:52','authorized',15),
(200,'2020-03-20 09:56:52',NULL,0,'2020-03-20 09:56:52','authorized',19),
(201,'2020-03-20 09:56:52',NULL,0,'2020-03-20 09:56:52','authorized',12),
(202,'2020-03-20 09:56:53',NULL,0,'2020-03-20 09:56:53','authorized',17),
(203,'2020-03-20 09:56:53',NULL,0,'2020-03-20 09:56:53','authorized',1),
(204,'2020-03-20 09:56:53',NULL,0,'2020-03-20 09:56:53','authorized',9),
(205,'2020-03-20 09:56:53',NULL,0,'2020-03-20 09:56:53','authorized',4),
(206,'2020-03-20 09:56:53',NULL,0,'2020-03-20 09:56:53','authorized',2),
(207,'2020-03-20 09:56:53',NULL,0,'2020-03-20 09:56:53','authorized',4),
(208,'2020-03-20 09:56:53',NULL,0,'2020-03-20 09:56:53','authorized',16),
(209,'2020-03-20 09:56:53',NULL,0,'2020-03-20 09:56:53','authorized',18),
(210,'2020-03-20 09:56:53',NULL,0,'2020-03-20 09:56:53','authorized',12),
(211,'2020-03-20 09:56:53',NULL,0,'2020-03-20 09:56:53','authorized',12),
(212,'2020-03-20 09:56:53',NULL,0,'2020-03-20 09:56:53','authorized',15),
(213,'2020-03-20 09:56:53',NULL,0,'2020-03-20 09:56:53','authorized',8),
(214,'2020-03-20 09:56:53',NULL,0,'2020-03-20 09:56:53','authorized',14),
(215,'2020-03-20 09:56:53',NULL,0,'2020-03-20 09:56:53','authorized',7),
(216,'2020-03-20 09:56:54',NULL,0,'2020-03-20 09:56:54','authorized',15),
(217,'2020-03-20 09:56:54',NULL,0,'2020-03-20 09:56:54','authorized',5),
(218,'2020-03-20 09:56:54',NULL,0,'2020-03-20 09:56:54','authorized',19),
(219,'2020-03-20 09:56:54',NULL,0,'2020-03-20 09:56:54','authorized',4),
(220,'2020-03-20 09:56:54',NULL,0,'2020-03-20 09:56:54','authorized',1),
(221,'2020-03-20 09:56:54',NULL,0,'2020-03-20 09:56:54','authorized',15),
(222,'2020-03-20 09:56:54',NULL,0,'2020-03-20 09:56:54','authorized',19),
(223,'2020-03-20 09:56:54',NULL,0,'2020-03-20 09:56:54','authorized',14),
(224,'2020-03-20 09:56:54',NULL,0,'2020-03-20 09:56:54','authorized',6),
(225,'2020-03-20 09:56:54',NULL,0,'2020-03-20 09:56:54','authorized',16),
(226,'2020-03-20 09:56:54',NULL,0,'2020-03-20 09:56:54','authorized',20),
(227,'2020-03-20 09:56:54',NULL,0,'2020-03-20 09:56:54','authorized',6),
(228,'2020-03-20 09:56:54',NULL,0,'2020-03-20 09:56:54','authorized',10),
(229,'2020-03-20 09:56:54',NULL,0,'2020-03-20 09:56:54','authorized',2),
(230,'2020-03-20 09:56:55',NULL,0,'2020-03-20 09:56:55','authorized',17),
(231,'2020-03-20 09:56:55',NULL,0,'2020-03-20 09:56:55','authorized',17),
(232,'2020-03-20 09:56:55',NULL,0,'2020-03-20 09:56:55','authorized',10),
(233,'2020-03-20 09:56:55',NULL,0,'2020-03-20 09:56:55','authorized',14),
(234,'2020-03-20 09:56:55',NULL,0,'2020-03-20 09:56:55','authorized',2),
(235,'2020-03-20 09:56:55',NULL,0,'2020-03-20 09:56:55','authorized',3),
(236,'2020-03-20 09:56:55',NULL,0,'2020-03-20 09:56:55','authorized',10),
(237,'2020-03-20 09:56:55',NULL,0,'2020-03-20 09:56:55','authorized',15),
(238,'2020-03-20 09:56:55',NULL,0,'2020-03-20 09:56:55','authorized',2),
(239,'2020-03-20 09:56:55',NULL,0,'2020-03-20 09:56:55','authorized',19),
(240,'2020-03-20 09:56:55',NULL,0,'2020-03-20 09:56:55','authorized',7),
(241,'2020-03-20 09:56:55',NULL,0,'2020-03-20 09:56:55','authorized',13),
(242,'2020-03-20 09:56:55',NULL,0,'2020-03-20 09:56:55','authorized',19),
(243,'2020-03-20 09:56:56',NULL,0,'2020-03-20 09:56:56','authorized',1),
(244,'2020-03-20 09:56:56',NULL,0,'2020-03-20 09:56:56','authorized',4),
(245,'2020-03-20 09:56:56',NULL,0,'2020-03-20 09:56:56','authorized',17),
(246,'2020-03-20 09:56:56',NULL,0,'2020-03-20 09:56:56','authorized',18),
(247,'2020-03-20 09:56:56',NULL,0,'2020-03-20 09:56:56','authorized',9),
(248,'2020-03-20 09:56:56',NULL,0,'2020-03-20 09:56:56','authorized',10),
(249,'2020-03-20 09:56:56',NULL,0,'2020-03-20 09:56:56','authorized',12),
(250,'2020-03-20 09:56:56',NULL,0,'2020-03-20 09:56:56','authorized',2),
(251,'2020-03-20 09:56:56',NULL,0,'2020-03-20 09:56:56','authorized',4),
(252,'2020-03-20 09:56:56',NULL,0,'2020-03-20 09:56:56','authorized',7),
(253,'2020-03-20 09:56:56',NULL,0,'2020-03-20 09:56:56','authorized',16),
(254,'2020-03-20 09:56:56',NULL,0,'2020-03-20 09:56:56','authorized',7),
(255,'2020-03-20 09:56:56',NULL,0,'2020-03-20 09:56:56','authorized',2),
(256,'2020-03-20 09:56:57',NULL,0,'2020-03-20 09:56:57','authorized',4),
(257,'2020-03-20 09:56:57',NULL,0,'2020-03-20 09:56:57','authorized',10),
(258,'2020-03-20 09:56:57',NULL,0,'2020-03-20 09:56:57','authorized',16),
(259,'2020-03-20 09:56:57',NULL,0,'2020-03-20 09:56:57','authorized',5),
(260,'2020-03-20 09:56:57',NULL,0,'2020-03-20 09:56:57','authorized',2),
(261,'2020-03-20 09:56:57',NULL,0,'2020-03-20 09:56:57','authorized',20),
(262,'2020-03-20 09:56:57',NULL,0,'2020-03-20 09:56:57','authorized',11),
(263,'2020-03-20 09:56:57',NULL,0,'2020-03-20 09:56:57','authorized',7),
(264,'2020-03-20 09:56:57',NULL,0,'2020-03-20 09:56:57','authorized',15),
(265,'2020-03-20 09:56:57',NULL,0,'2020-03-20 09:56:57','authorized',11),
(266,'2020-03-20 09:56:57',NULL,0,'2020-03-20 09:56:57','authorized',16),
(267,'2020-03-20 09:56:57',NULL,0,'2020-03-20 09:56:57','authorized',5),
(268,'2020-03-20 09:56:57',NULL,0,'2020-03-20 09:56:57','authorized',14),
(269,'2020-03-20 09:56:58',NULL,0,'2020-03-20 09:56:58','authorized',8),
(270,'2020-03-20 09:56:58',NULL,0,'2020-03-20 09:56:58','authorized',16),
(271,'2020-03-20 09:56:58',NULL,0,'2020-03-20 09:56:58','authorized',10),
(272,'2020-03-20 09:56:58',NULL,0,'2020-03-20 09:56:58','authorized',8),
(273,'2020-03-20 09:56:58',NULL,0,'2020-03-20 09:56:58','authorized',1),
(274,'2020-03-20 09:56:58',NULL,0,'2020-03-20 09:56:58','authorized',20),
(275,'2020-03-20 09:56:58',NULL,0,'2020-03-20 09:56:58','authorized',7),
(276,'2020-03-20 09:56:58',NULL,0,'2020-03-20 09:56:58','authorized',19),
(277,'2020-03-20 09:56:58',NULL,0,'2020-03-20 09:56:58','authorized',15),
(278,'2020-03-20 09:56:58',NULL,0,'2020-03-20 09:56:58','authorized',7),
(279,'2020-03-20 09:56:58',NULL,0,'2020-03-20 09:56:58','authorized',8),
(280,'2020-03-20 09:56:58',NULL,0,'2020-03-20 09:56:58','authorized',17),
(281,'2020-03-20 09:56:58',NULL,0,'2020-03-20 09:56:58','authorized',18),
(282,'2020-03-20 09:56:58',NULL,0,'2020-03-20 09:56:58','authorized',2),
(283,'2020-03-20 09:56:59',NULL,0,'2020-03-20 09:56:59','authorized',6),
(284,'2020-03-20 09:56:59',NULL,0,'2020-03-20 09:56:59','authorized',1),
(285,'2020-03-20 09:56:59',NULL,0,'2020-03-20 09:56:59','authorized',10),
(286,'2020-03-20 09:56:59',NULL,0,'2020-03-20 09:56:59','authorized',17),
(287,'2020-03-20 09:56:59',NULL,0,'2020-03-20 09:56:59','authorized',10),
(288,'2020-03-20 09:56:59',NULL,0,'2020-03-20 09:56:59','authorized',6),
(289,'2020-03-20 09:56:59',NULL,0,'2020-03-20 09:56:59','authorized',2),
(290,'2020-03-20 09:56:59',NULL,0,'2020-03-20 09:56:59','authorized',11),
(291,'2020-03-20 09:56:59',NULL,0,'2020-03-20 09:56:59','authorized',20),
(292,'2020-03-20 09:56:59',NULL,0,'2020-03-20 09:56:59','authorized',15),
(293,'2020-03-20 09:56:59',NULL,0,'2020-03-20 09:56:59','authorized',7),
(294,'2020-03-20 09:56:59',NULL,0,'2020-03-20 09:56:59','authorized',20),
(295,'2020-03-20 09:57:00',NULL,0,'2020-03-20 09:57:00','authorized',1),
(296,'2020-03-20 09:57:00',NULL,0,'2020-03-20 09:57:00','authorized',10),
(297,'2020-03-20 09:57:00',NULL,0,'2020-03-20 09:57:00','authorized',14),
(298,'2020-03-20 09:57:00',NULL,0,'2020-03-20 09:57:00','authorized',10),
(299,'2020-03-20 09:57:00',NULL,0,'2020-03-20 09:57:00','authorized',18),
(300,'2020-03-20 09:57:00',NULL,0,'2020-03-20 09:57:00','authorized',13),
(301,'2020-03-20 09:57:00',NULL,0,'2020-03-20 09:57:00','authorized',6),
(302,'2020-03-20 09:57:00',NULL,0,'2020-03-20 09:57:00','authorized',4),
(303,'2020-03-20 09:57:00',NULL,0,'2020-03-20 09:57:00','authorized',14),
(304,'2020-03-20 09:57:00',NULL,0,'2020-03-20 09:57:00','authorized',11),
(305,'2020-03-20 09:57:00',NULL,0,'2020-03-20 09:57:00','authorized',1),
(306,'2020-03-20 09:57:00',NULL,0,'2020-03-20 09:57:00','authorized',17),
(307,'2020-03-20 09:57:00',NULL,0,'2020-03-20 09:57:00','authorized',9),
(308,'2020-03-20 09:57:00',NULL,0,'2020-03-20 09:57:00','authorized',12),
(309,'2020-03-20 09:57:01',NULL,0,'2020-03-20 09:57:01','authorized',15),
(310,'2020-03-20 09:57:01',NULL,0,'2020-03-20 09:57:01','authorized',1),
(311,'2020-03-20 09:57:01',NULL,0,'2020-03-20 09:57:01','authorized',9),
(312,'2020-03-20 09:57:01',NULL,0,'2020-03-20 09:57:01','authorized',7),
(313,'2020-03-20 09:57:01',NULL,0,'2020-03-20 09:57:01','authorized',1),
(314,'2020-03-20 09:57:01',NULL,0,'2020-03-20 09:57:01','authorized',10),
(315,'2020-03-20 09:57:01',NULL,0,'2020-03-20 09:57:01','authorized',11),
(316,'2020-03-20 09:57:01',NULL,0,'2020-03-20 09:57:01','authorized',7),
(317,'2020-03-20 09:57:01',NULL,0,'2020-03-20 09:57:01','authorized',10),
(318,'2020-03-20 09:57:01',NULL,0,'2020-03-20 09:57:01','authorized',12),
(319,'2020-03-20 09:57:01',NULL,0,'2020-03-20 09:57:01','authorized',5),
(320,'2020-03-20 09:57:01',NULL,0,'2020-03-20 09:57:01','authorized',20),
(321,'2020-03-20 09:57:01',NULL,0,'2020-03-20 09:57:01','authorized',9),
(322,'2020-03-20 09:57:01',NULL,0,'2020-03-20 09:57:01','authorized',1),
(323,'2020-03-20 09:57:02',NULL,0,'2020-03-20 09:57:02','authorized',2),
(324,'2020-03-20 09:57:02',NULL,0,'2020-03-20 09:57:02','authorized',5),
(325,'2020-03-20 09:57:02',NULL,0,'2020-03-20 09:57:02','authorized',8),
(326,'2020-03-20 09:57:02',NULL,0,'2020-03-20 09:57:02','authorized',8),
(327,'2020-03-20 09:57:02',NULL,0,'2020-03-20 09:57:02','authorized',4),
(328,'2020-03-20 09:57:02',NULL,0,'2020-03-20 09:57:02','authorized',13),
(329,'2020-03-20 09:57:02',NULL,0,'2020-03-20 09:57:02','authorized',6),
(330,'2020-03-20 09:57:02',NULL,0,'2020-03-20 09:57:02','authorized',14),
(331,'2020-03-20 09:57:02',NULL,0,'2020-03-20 09:57:02','authorized',6),
(332,'2020-03-20 09:57:02',NULL,0,'2020-03-20 09:57:02','authorized',9),
(333,'2020-03-20 09:57:02',NULL,0,'2020-03-20 09:57:02','authorized',4),
(334,'2020-03-20 09:57:02',NULL,0,'2020-03-20 09:57:02','authorized',20),
(335,'2020-03-20 09:57:02',NULL,0,'2020-03-20 09:57:02','authorized',6),
(336,'2020-03-20 09:57:03',NULL,0,'2020-03-20 09:57:03','authorized',20),
(337,'2020-03-20 09:57:03',NULL,0,'2020-03-20 09:57:03','authorized',15),
(338,'2020-03-20 09:57:03',NULL,0,'2020-03-20 09:57:03','authorized',15),
(339,'2020-03-20 09:57:03',NULL,0,'2020-03-20 09:57:03','authorized',18),
(340,'2020-03-20 09:57:03',NULL,0,'2020-03-20 09:57:03','authorized',12),
(341,'2020-03-20 09:57:03',NULL,0,'2020-03-20 09:57:03','authorized',15),
(342,'2020-03-20 09:57:03',NULL,0,'2020-03-20 09:57:03','authorized',17),
(343,'2020-03-20 09:57:03',NULL,0,'2020-03-20 09:57:03','authorized',5),
(344,'2020-03-20 09:57:03',NULL,0,'2020-03-20 09:57:03','authorized',8),
(345,'2020-03-20 09:57:03',NULL,0,'2020-03-20 09:57:03','authorized',15),
(346,'2020-03-20 09:57:03',NULL,0,'2020-03-20 09:57:03','authorized',6),
(347,'2020-03-20 09:57:03',NULL,0,'2020-03-20 09:57:03','authorized',8),
(348,'2020-03-20 09:57:03',NULL,0,'2020-03-20 09:57:03','authorized',18),
(349,'2020-03-20 09:57:03',NULL,0,'2020-03-20 09:57:03','authorized',4),
(350,'2020-03-20 09:57:04',NULL,0,'2020-03-20 09:57:04','authorized',5),
(351,'2020-03-20 09:57:04',NULL,0,'2020-03-20 09:57:04','authorized',12),
(352,'2020-03-20 09:57:04',NULL,0,'2020-03-20 09:57:04','authorized',3),
(353,'2020-03-20 09:57:04',NULL,0,'2020-03-20 09:57:04','authorized',7),
(354,'2020-03-20 09:57:04',NULL,0,'2020-03-20 09:57:04','authorized',3),
(355,'2020-03-20 09:57:04',NULL,0,'2020-03-20 09:57:04','authorized',18),
(356,'2020-03-20 09:57:04',NULL,0,'2020-03-20 09:57:04','authorized',13),
(357,'2020-03-20 09:57:04',NULL,0,'2020-03-20 09:57:04','authorized',10),
(358,'2020-03-20 09:57:04',NULL,0,'2020-03-20 09:57:04','authorized',7),
(359,'2020-03-20 09:57:04',NULL,0,'2020-03-20 09:57:04','authorized',16),
(360,'2020-03-20 09:57:04',NULL,0,'2020-03-20 09:57:04','authorized',15),
(361,'2020-03-20 09:57:04',NULL,0,'2020-03-20 09:57:04','authorized',7),
(362,'2020-03-20 09:57:04',NULL,0,'2020-03-20 09:57:04','authorized',13),
(363,'2020-03-20 09:57:05',NULL,0,'2020-03-20 09:57:05','authorized',1),
(364,'2020-03-20 09:57:05',NULL,0,'2020-03-20 09:57:05','authorized',17),
(365,'2020-03-20 09:57:05',NULL,0,'2020-03-20 09:57:05','authorized',18),
(366,'2020-03-20 09:57:05',NULL,0,'2020-03-20 09:57:05','authorized',14),
(367,'2020-03-20 09:57:05',NULL,0,'2020-03-20 09:57:05','authorized',20),
(368,'2020-03-20 09:57:05',NULL,0,'2020-03-20 09:57:05','authorized',6),
(369,'2020-03-20 09:57:05',NULL,0,'2020-03-20 09:57:05','authorized',7),
(370,'2020-03-20 09:57:05',NULL,0,'2020-03-20 09:57:05','authorized',4),
(371,'2020-03-20 09:57:05',NULL,0,'2020-03-20 09:57:05','authorized',4),
(372,'2020-03-20 09:57:05',NULL,0,'2020-03-20 09:57:05','authorized',10),
(373,'2020-03-20 09:57:05',NULL,0,'2020-03-20 09:57:05','authorized',3),
(374,'2020-03-20 09:57:05',NULL,0,'2020-03-20 09:57:05','authorized',3),
(375,'2020-03-20 09:57:05',NULL,0,'2020-03-20 09:57:05','authorized',11),
(376,'2020-03-20 09:57:05',NULL,0,'2020-03-20 09:57:05','authorized',13),
(377,'2020-03-20 09:57:06',NULL,0,'2020-03-20 09:57:06','authorized',1),
(378,'2020-03-20 09:57:06',NULL,0,'2020-03-20 09:57:06','authorized',15),
(379,'2020-03-20 09:57:06',NULL,0,'2020-03-20 09:57:06','authorized',14),
(380,'2020-03-20 09:57:06',NULL,0,'2020-03-20 09:57:06','authorized',9),
(381,'2020-03-20 09:57:06',NULL,0,'2020-03-20 09:57:06','authorized',3),
(382,'2020-03-20 09:57:06',NULL,0,'2020-03-20 09:57:06','authorized',19),
(383,'2020-03-20 09:57:06',NULL,0,'2020-03-20 09:57:06','authorized',9),
(384,'2020-03-20 09:57:06',NULL,0,'2020-03-20 09:57:06','authorized',14),
(385,'2020-03-20 09:57:06',NULL,0,'2020-03-20 09:57:06','authorized',4),
(386,'2020-03-20 09:57:06',NULL,0,'2020-03-20 09:57:06','authorized',10),
(387,'2020-03-20 09:57:06',NULL,0,'2020-03-20 09:57:06','authorized',17),
(388,'2020-03-20 09:57:06',NULL,0,'2020-03-20 09:57:06','authorized',9),
(389,'2020-03-20 09:57:06',NULL,0,'2020-03-20 09:57:06','authorized',8),
(390,'2020-03-20 09:57:06',NULL,0,'2020-03-20 09:57:06','authorized',3),
(391,'2020-03-20 09:57:07',NULL,0,'2020-03-20 09:57:07','authorized',3),
(392,'2020-03-20 09:57:07',NULL,0,'2020-03-20 09:57:07','authorized',3),
(393,'2020-03-20 09:57:07',NULL,0,'2020-03-20 09:57:07','authorized',15),
(394,'2020-03-20 09:57:07',NULL,0,'2020-03-20 09:57:07','authorized',6),
(395,'2020-03-20 09:57:07',NULL,0,'2020-03-20 09:57:07','authorized',19),
(396,'2020-03-20 09:57:07',NULL,0,'2020-03-20 09:57:07','authorized',4),
(397,'2020-03-20 09:57:07',NULL,0,'2020-03-20 09:57:07','authorized',10),
(398,'2020-03-20 09:57:07',NULL,0,'2020-03-20 09:57:07','authorized',8),
(399,'2020-03-20 09:57:07',NULL,0,'2020-03-20 09:57:07','authorized',9),
(400,'2020-03-20 09:57:07',NULL,0,'2020-03-20 09:57:07','authorized',12),
(401,'2020-03-20 09:57:07',NULL,0,'2020-03-20 09:57:07','authorized',11),
(402,'2020-03-20 09:57:07',NULL,0,'2020-03-20 09:57:07','authorized',1),
(403,'2020-03-20 09:57:07',NULL,0,'2020-03-20 09:57:07','authorized',6),
(404,'2020-03-20 09:57:07',NULL,0,'2020-03-20 09:57:07','authorized',17),
(405,'2020-03-20 09:57:08',NULL,0,'2020-03-20 09:57:08','authorized',7),
(406,'2020-03-20 09:57:08',NULL,0,'2020-03-20 09:57:08','authorized',20),
(407,'2020-03-20 09:57:08',NULL,0,'2020-03-20 09:57:08','authorized',2),
(408,'2020-03-20 09:57:08',NULL,0,'2020-03-20 09:57:08','authorized',7),
(409,'2020-03-20 09:57:08',NULL,0,'2020-03-20 09:57:08','authorized',17),
(410,'2020-03-20 09:57:08',NULL,0,'2020-03-20 09:57:08','authorized',2),
(411,'2020-03-20 09:57:08',NULL,0,'2020-03-20 09:57:08','authorized',2),
(412,'2020-03-20 09:57:08',NULL,0,'2020-03-20 09:57:08','authorized',1),
(413,'2020-03-20 09:57:08',NULL,0,'2020-03-20 09:57:08','authorized',18),
(414,'2020-03-20 09:57:08',NULL,0,'2020-03-20 09:57:08','authorized',17),
(415,'2020-03-20 09:57:08',NULL,0,'2020-03-20 09:57:08','authorized',15),
(416,'2020-03-20 09:57:08',NULL,0,'2020-03-20 09:57:08','authorized',8),
(417,'2020-03-20 09:57:08',NULL,0,'2020-03-20 09:57:08','authorized',9),
(418,'2020-03-20 09:57:09',NULL,0,'2020-03-20 09:57:09','authorized',18),
(419,'2020-03-20 09:57:09',NULL,0,'2020-03-20 09:57:09','authorized',1),
(420,'2020-03-20 09:57:09',NULL,0,'2020-03-20 09:57:09','authorized',16),
(421,'2020-03-20 09:57:09',NULL,0,'2020-03-20 09:57:09','authorized',9),
(422,'2020-03-20 09:57:09',NULL,0,'2020-03-20 09:57:09','authorized',11),
(423,'2020-03-20 09:57:09',NULL,0,'2020-03-20 09:57:09','authorized',18),
(424,'2020-03-20 09:57:09',NULL,0,'2020-03-20 09:57:09','authorized',16),
(425,'2020-03-20 09:57:09',NULL,0,'2020-03-20 09:57:09','authorized',11),
(426,'2020-03-20 09:57:09',NULL,0,'2020-03-20 09:57:09','authorized',12),
(427,'2020-03-20 09:57:09',NULL,0,'2020-03-20 09:57:09','authorized',9),
(428,'2020-03-20 09:57:09',NULL,0,'2020-03-20 09:57:09','authorized',4),
(429,'2020-03-20 09:57:09',NULL,0,'2020-03-20 09:57:09','authorized',18),
(430,'2020-03-20 09:57:09',NULL,0,'2020-03-20 09:57:09','authorized',12),
(431,'2020-03-20 09:57:09',NULL,0,'2020-03-20 09:57:09','authorized',20),
(432,'2020-03-20 09:57:10',NULL,0,'2020-03-20 09:57:10','authorized',11),
(433,'2020-03-20 09:57:10',NULL,0,'2020-03-20 09:57:10','authorized',20),
(434,'2020-03-20 09:57:10',NULL,0,'2020-03-20 09:57:10','authorized',4),
(435,'2020-03-20 09:57:10',NULL,0,'2020-03-20 09:57:10','authorized',16),
(436,'2020-03-20 09:57:10',NULL,0,'2020-03-20 09:57:10','authorized',12),
(437,'2020-03-20 09:57:10',NULL,0,'2020-03-20 09:57:10','authorized',2),
(438,'2020-03-20 09:57:10',NULL,0,'2020-03-20 09:57:10','authorized',16),
(439,'2020-03-20 09:57:10',NULL,0,'2020-03-20 09:57:10','authorized',8),
(440,'2020-03-20 09:57:10',NULL,0,'2020-03-20 09:57:10','authorized',17),
(441,'2020-03-20 09:57:10',NULL,0,'2020-03-20 09:57:10','authorized',18),
(442,'2020-03-20 09:57:10',NULL,0,'2020-03-20 09:57:10','authorized',17),
(443,'2020-03-20 09:57:10',NULL,0,'2020-03-20 09:57:10','authorized',1),
(444,'2020-03-20 09:57:10',NULL,0,'2020-03-20 09:57:10','authorized',17),
(445,'2020-03-20 09:57:10',NULL,0,'2020-03-20 09:57:10','authorized',1),
(446,'2020-03-20 09:57:11',NULL,0,'2020-03-20 09:57:11','authorized',18),
(447,'2020-03-20 09:57:11',NULL,0,'2020-03-20 09:57:11','authorized',17),
(448,'2020-03-20 09:57:11',NULL,0,'2020-03-20 09:57:11','authorized',16),
(449,'2020-03-20 09:57:11',NULL,0,'2020-03-20 09:57:11','authorized',8),
(450,'2020-03-20 09:57:11',NULL,0,'2020-03-20 09:57:11','authorized',9),
(451,'2020-03-20 09:57:11',NULL,0,'2020-03-20 09:57:11','authorized',8),
(452,'2020-03-20 09:57:11',NULL,0,'2020-03-20 09:57:11','authorized',7),
(453,'2020-03-20 09:57:11',NULL,0,'2020-03-20 09:57:11','authorized',6),
(454,'2020-03-20 09:57:11',NULL,0,'2020-03-20 09:57:11','authorized',5),
(455,'2020-03-20 09:57:11',NULL,0,'2020-03-20 09:57:11','authorized',18),
(456,'2020-03-20 09:57:11',NULL,0,'2020-03-20 09:57:11','authorized',5),
(457,'2020-03-20 09:57:11',NULL,0,'2020-03-20 09:57:11','authorized',10),
(458,'2020-03-20 09:57:11',NULL,0,'2020-03-20 09:57:11','authorized',2),
(459,'2020-03-20 09:57:11',NULL,0,'2020-03-20 09:57:11','authorized',16),
(460,'2020-03-20 09:57:12',NULL,0,'2020-03-20 09:57:12','authorized',12),
(461,'2020-03-20 09:57:12',NULL,0,'2020-03-20 09:57:12','authorized',20),
(462,'2020-03-20 09:57:12',NULL,0,'2020-03-20 09:57:12','authorized',12),
(463,'2020-03-20 09:57:12',NULL,0,'2020-03-20 09:57:12','authorized',18),
(464,'2020-03-20 09:57:12',NULL,0,'2020-03-20 09:57:12','authorized',13),
(465,'2020-03-20 09:57:12',NULL,0,'2020-03-20 09:57:12','authorized',11),
(466,'2020-03-20 09:57:12',NULL,0,'2020-03-20 09:57:12','authorized',2),
(467,'2020-03-20 09:57:12',NULL,0,'2020-03-20 09:57:12','authorized',14),
(468,'2020-03-20 09:57:12',NULL,0,'2020-03-20 09:57:12','authorized',15),
(469,'2020-03-20 09:57:12',NULL,0,'2020-03-20 09:57:12','authorized',17),
(470,'2020-03-20 09:57:12',NULL,0,'2020-03-20 09:57:12','authorized',7),
(471,'2020-03-20 09:57:12',NULL,0,'2020-03-20 09:57:12','authorized',13),
(472,'2020-03-20 09:57:12',NULL,0,'2020-03-20 09:57:12','authorized',14),
(473,'2020-03-20 09:57:13',NULL,0,'2020-03-20 09:57:13','authorized',10),
(474,'2020-03-20 09:57:13',NULL,0,'2020-03-20 09:57:13','authorized',4),
(475,'2020-03-20 09:57:13',NULL,0,'2020-03-20 09:57:13','authorized',16),
(476,'2020-03-20 09:57:13',NULL,0,'2020-03-20 09:57:13','authorized',10),
(477,'2020-03-20 09:57:13',NULL,0,'2020-03-20 09:57:13','authorized',2),
(478,'2020-03-20 09:57:13',NULL,0,'2020-03-20 09:57:13','authorized',6),
(479,'2020-03-20 09:57:13',NULL,0,'2020-03-20 09:57:13','authorized',13),
(480,'2020-03-20 09:57:13',NULL,0,'2020-03-20 09:57:13','authorized',2),
(481,'2020-03-20 09:57:13',NULL,0,'2020-03-20 09:57:13','authorized',17),
(482,'2020-03-20 09:57:13',NULL,0,'2020-03-20 09:57:13','authorized',16),
(483,'2020-03-20 09:57:13',NULL,0,'2020-03-20 09:57:13','authorized',15),
(484,'2020-03-20 09:57:13',NULL,0,'2020-03-20 09:57:13','authorized',5),
(485,'2020-03-20 09:57:13',NULL,0,'2020-03-20 09:57:13','authorized',14),
(486,'2020-03-20 09:57:13',NULL,0,'2020-03-20 09:57:13','authorized',19),
(487,'2020-03-20 09:57:14',NULL,0,'2020-03-20 09:57:14','authorized',13),
(488,'2020-03-20 09:57:14',NULL,0,'2020-03-20 09:57:14','authorized',8),
(489,'2020-03-20 09:57:14',NULL,0,'2020-03-20 09:57:14','authorized',1),
(490,'2020-03-20 09:57:14',NULL,0,'2020-03-20 09:57:14','authorized',3),
(491,'2020-03-20 09:57:14',NULL,0,'2020-03-20 09:57:14','authorized',4),
(492,'2020-03-20 09:57:14',NULL,0,'2020-03-20 09:57:14','authorized',8),
(493,'2020-03-20 09:57:14',NULL,0,'2020-03-20 09:57:14','authorized',15),
(494,'2020-03-20 09:57:14',NULL,0,'2020-03-20 09:57:14','authorized',9),
(495,'2020-03-20 09:57:14',NULL,0,'2020-03-20 09:57:14','authorized',15),
(496,'2020-03-20 09:57:14',NULL,0,'2020-03-20 09:57:14','authorized',7),
(497,'2020-03-20 09:57:14',NULL,0,'2020-03-20 09:57:14','authorized',7),
(498,'2020-03-20 09:57:14',NULL,0,'2020-03-20 09:57:14','authorized',13),
(499,'2020-03-20 09:57:14',NULL,0,'2020-03-20 09:57:14','authorized',19),
(500,'2020-03-20 09:57:14',NULL,0,'2020-03-20 09:57:14','authorized',18),
(501,'2020-03-20 09:57:15',NULL,0,'2020-03-20 09:57:15','authorized',10),
(502,'2020-03-20 09:57:15',NULL,0,'2020-03-20 09:57:15','authorized',20),
(503,'2020-03-20 09:57:15',NULL,0,'2020-03-20 09:57:15','authorized',17),
(504,'2020-03-20 09:57:15',NULL,0,'2020-03-20 09:57:15','authorized',19),
(505,'2020-03-20 09:57:15',NULL,0,'2020-03-20 09:57:15','authorized',5),
(506,'2020-03-20 09:57:15',NULL,0,'2020-03-20 09:57:15','authorized',20),
(507,'2020-03-20 09:57:15',NULL,0,'2020-03-20 09:57:15','authorized',12),
(508,'2020-03-20 09:57:15',NULL,0,'2020-03-20 09:57:15','authorized',4),
(509,'2020-03-20 09:57:15',NULL,0,'2020-03-20 09:57:15','authorized',5),
(510,'2020-03-20 09:57:15',NULL,0,'2020-03-20 09:57:15','authorized',7),
(511,'2020-03-20 09:57:15',NULL,0,'2020-03-20 09:57:15','authorized',16),
(512,'2020-03-20 09:57:15',NULL,0,'2020-03-20 09:57:15','authorized',3),
(513,'2020-03-20 09:57:15',NULL,0,'2020-03-20 09:57:15','authorized',16),
(514,'2020-03-20 09:57:16',NULL,0,'2020-03-20 09:57:16','authorized',19),
(515,'2020-03-20 09:57:16',NULL,0,'2020-03-20 09:57:16','authorized',2),
(516,'2020-03-20 09:57:16',NULL,0,'2020-03-20 09:57:16','authorized',14),
(517,'2020-03-20 09:57:16',NULL,0,'2020-03-20 09:57:16','authorized',19),
(518,'2020-03-20 09:57:16',NULL,0,'2020-03-20 09:57:16','authorized',6),
(519,'2020-03-20 09:57:16',NULL,0,'2020-03-20 09:57:16','authorized',13),
(520,'2020-03-20 09:57:16',NULL,0,'2020-03-20 09:57:16','authorized',13),
(521,'2020-03-20 09:57:16',NULL,0,'2020-03-20 09:57:16','authorized',13),
(522,'2020-03-20 09:57:16',NULL,0,'2020-03-20 09:57:16','authorized',8),
(523,'2020-03-20 09:57:16',NULL,0,'2020-03-20 09:57:16','authorized',1),
(524,'2020-03-20 09:57:16',NULL,0,'2020-03-20 09:57:16','authorized',13),
(525,'2020-03-20 09:57:16',NULL,0,'2020-03-20 09:57:16','authorized',20),
(526,'2020-03-20 09:57:16',NULL,0,'2020-03-20 09:57:16','authorized',1),
(527,'2020-03-20 09:57:16',NULL,0,'2020-03-20 09:57:16','authorized',12),
(528,'2020-03-20 09:57:17',NULL,0,'2020-03-20 09:57:17','authorized',17),
(529,'2020-03-20 09:57:17',NULL,0,'2020-03-20 09:57:17','authorized',10),
(530,'2020-03-20 09:57:17',NULL,0,'2020-03-20 09:57:17','authorized',9),
(531,'2020-03-20 09:57:17',NULL,0,'2020-03-20 09:57:17','authorized',9),
(532,'2020-03-20 09:57:17',NULL,0,'2020-03-20 09:57:17','authorized',6),
(533,'2020-03-20 09:57:17',NULL,0,'2020-03-20 09:57:17','authorized',18),
(534,'2020-03-20 09:57:17',NULL,0,'2020-03-20 09:57:17','authorized',3),
(535,'2020-03-20 09:57:17',NULL,0,'2020-03-20 09:57:17','authorized',7),
(536,'2020-03-20 09:57:17',NULL,0,'2020-03-20 09:57:17','authorized',14),
(537,'2020-03-20 09:57:17',NULL,0,'2020-03-20 09:57:17','authorized',18),
(538,'2020-03-20 09:57:17',NULL,0,'2020-03-20 09:57:17','authorized',4),
(539,'2020-03-20 09:57:17',NULL,0,'2020-03-20 09:57:17','authorized',7),
(540,'2020-03-20 09:57:17',NULL,0,'2020-03-20 09:57:17','authorized',9),
(541,'2020-03-20 09:57:17',NULL,0,'2020-03-20 09:57:17','authorized',8),
(542,'2020-03-20 09:57:18',NULL,0,'2020-03-20 09:57:18','authorized',14),
(543,'2020-03-20 09:57:18',NULL,0,'2020-03-20 09:57:18','authorized',13),
(544,'2020-03-20 09:57:18',NULL,0,'2020-03-20 09:57:18','authorized',6),
(545,'2020-03-20 09:57:18',NULL,0,'2020-03-20 09:57:18','authorized',3),
(546,'2020-03-20 09:57:18',NULL,0,'2020-03-20 09:57:18','authorized',5),
(547,'2020-03-20 09:57:18',NULL,0,'2020-03-20 09:57:18','authorized',16),
(548,'2020-03-20 09:57:18',NULL,0,'2020-03-20 09:57:18','authorized',11),
(549,'2020-03-20 09:57:18',NULL,0,'2020-03-20 09:57:18','authorized',11),
(550,'2020-03-20 09:57:18',NULL,0,'2020-03-20 09:57:18','authorized',20),
(551,'2020-03-20 09:57:18',NULL,0,'2020-03-20 09:57:18','authorized',7),
(552,'2020-03-20 09:57:18',NULL,0,'2020-03-20 09:57:18','authorized',13),
(553,'2020-03-20 09:57:18',NULL,0,'2020-03-20 09:57:18','authorized',1),
(554,'2020-03-20 09:57:18',NULL,0,'2020-03-20 09:57:18','authorized',3),
(555,'2020-03-20 09:57:18',NULL,0,'2020-03-20 09:57:18','authorized',14),
(556,'2020-03-20 09:57:19',NULL,0,'2020-03-20 09:57:19','authorized',2),
(557,'2020-03-20 09:57:19',NULL,0,'2020-03-20 09:57:19','authorized',14),
(558,'2020-03-20 09:57:19',NULL,0,'2020-03-20 09:57:19','authorized',4),
(559,'2020-03-20 09:57:19',NULL,0,'2020-03-20 09:57:19','authorized',17),
(560,'2020-03-20 09:57:19',NULL,0,'2020-03-20 09:57:19','authorized',20),
(561,'2020-03-20 09:57:19',NULL,0,'2020-03-20 09:57:19','authorized',6),
(562,'2020-03-20 09:57:19',NULL,0,'2020-03-20 09:57:19','authorized',8),
(563,'2020-03-20 09:57:19',NULL,0,'2020-03-20 09:57:19','authorized',2),
(564,'2020-03-20 09:57:19',NULL,0,'2020-03-20 09:57:19','authorized',9),
(565,'2020-03-20 09:57:19',NULL,0,'2020-03-20 09:57:19','authorized',18),
(566,'2020-03-20 09:57:19',NULL,0,'2020-03-20 09:57:19','authorized',16),
(567,'2020-03-20 09:57:19',NULL,0,'2020-03-20 09:57:19','authorized',1),
(568,'2020-03-20 09:57:19',NULL,0,'2020-03-20 09:57:19','authorized',3),
(569,'2020-03-20 09:57:20',NULL,0,'2020-03-20 09:57:20','authorized',11),
(570,'2020-03-20 09:57:20',NULL,0,'2020-03-20 09:57:20','authorized',20),
(571,'2020-03-20 09:57:20',NULL,0,'2020-03-20 09:57:20','authorized',19),
(572,'2020-03-20 09:57:20',NULL,0,'2020-03-20 09:57:20','authorized',16),
(573,'2020-03-20 09:57:20',NULL,0,'2020-03-20 09:57:20','authorized',16),
(574,'2020-03-20 09:57:20',NULL,0,'2020-03-20 09:57:20','authorized',4),
(575,'2020-03-20 09:57:20',NULL,0,'2020-03-20 09:57:20','authorized',14),
(576,'2020-03-20 09:57:20',NULL,0,'2020-03-20 09:57:20','authorized',7),
(577,'2020-03-20 09:57:20',NULL,0,'2020-03-20 09:57:20','authorized',9),
(578,'2020-03-20 09:57:20',NULL,0,'2020-03-20 09:57:20','authorized',16),
(579,'2020-03-20 09:57:20',NULL,0,'2020-03-20 09:57:20','authorized',15),
(580,'2020-03-20 09:57:20',NULL,0,'2020-03-20 09:57:20','authorized',17),
(581,'2020-03-20 09:57:20',NULL,0,'2020-03-20 09:57:20','authorized',18),
(582,'2020-03-20 09:57:21',NULL,0,'2020-03-20 09:57:21','authorized',18),
(583,'2020-03-20 09:57:21',NULL,0,'2020-03-20 09:57:21','authorized',9),
(584,'2020-03-20 09:57:21',NULL,0,'2020-03-20 09:57:21','authorized',11),
(585,'2020-03-20 09:57:21',NULL,0,'2020-03-20 09:57:21','authorized',11),
(586,'2020-03-20 09:57:21',NULL,0,'2020-03-20 09:57:21','authorized',14),
(587,'2020-03-20 09:57:21',NULL,0,'2020-03-20 09:57:21','authorized',19),
(588,'2020-03-20 09:57:21',NULL,0,'2020-03-20 09:57:21','authorized',10);

/*Data for the table `cash_deposit` */

insert  into `cash_deposit`(`id`,`created`,`updated`,`deleted`,`stamp`,`amount`,`receipt`,`gas_station_id`) values 
(1,'2020-03-20 09:57:21',NULL,0,'2020-03-10 05:57:21',16401,'977192',1),
(2,'2020-03-20 09:57:22',NULL,0,'2020-03-10 20:57:22',138844,'462378',1),
(3,'2020-03-20 09:57:22',NULL,0,'2020-03-12 08:57:22',107972,'930587',1),
(4,'2020-03-20 09:57:22',NULL,0,'2020-03-13 03:57:22',141092,'809690',1),
(5,'2020-03-20 09:57:22',NULL,0,'2020-03-13 16:57:22',173424,'329724',1),
(6,'2020-03-20 09:57:22',NULL,0,'2020-03-14 17:57:22',52407,'880789',1),
(7,'2020-03-20 09:57:22',NULL,0,'2020-03-16 01:57:22',140294,'685055',1),
(8,'2020-03-20 09:57:22',NULL,0,'2020-03-17 08:57:22',77574,'733655',1),
(9,'2020-03-20 09:57:22',NULL,0,'2020-03-18 04:57:22',42953,'346667',1),
(10,'2020-03-20 09:57:22',NULL,0,'2020-03-18 14:57:22',9368,'314022',1),
(11,'2020-03-20 09:57:22',NULL,0,'2020-03-10 05:57:22',185343,'913904',2),
(12,'2020-03-20 09:57:22',NULL,0,'2020-03-11 07:57:22',50795,'780075',2),
(13,'2020-03-20 09:57:22',NULL,0,'2020-03-12 03:57:22',136301,'505114',2),
(14,'2020-03-20 09:57:22',NULL,0,'2020-03-13 05:57:22',131673,'632281',2),
(15,'2020-03-20 09:57:22',NULL,0,'2020-03-13 14:57:22',158083,'721957',2),
(16,'2020-03-20 09:57:22',NULL,0,'2020-03-14 15:57:22',165274,'647435',2),
(17,'2020-03-20 09:57:22',NULL,0,'2020-03-16 06:57:22',9367,'436754',2),
(18,'2020-03-20 09:57:22',NULL,0,'2020-03-17 03:57:22',108409,'123369',2),
(19,'2020-03-20 09:57:22',NULL,0,'2020-03-18 00:57:22',98721,'750533',2),
(20,'2020-03-20 09:57:22',NULL,0,'2020-03-18 19:57:22',14064,'938235',2);

/*Data for the table `cash_withdrawal` */

insert  into `cash_withdrawal`(`id`,`created`,`updated`,`deleted`,`stamp`,`litres`,`wallet_id`,`fuel_price_id`,`gas_station_id`,`authorization_id`) values 
(1,'2020-03-20 09:57:06',NULL,0,'2019-11-22 17:25:05',171,1,1,1,385),
(2,'2020-03-20 09:57:06',NULL,0,'2019-08-10 12:37:01',20,1,1,1,386),
(3,'2020-03-20 09:57:06',NULL,0,'2019-11-25 09:18:29',133,1,1,2,387),
(4,'2020-03-20 09:57:06',NULL,0,'2019-05-29 20:00:46',129,1,1,1,388),
(5,'2020-03-20 09:57:06',NULL,0,'2020-02-04 23:52:22',114,1,1,1,389),
(6,'2020-03-20 09:57:06',NULL,0,'2019-10-15 12:44:08',186,1,1,1,390),
(7,'2020-03-20 09:57:07',NULL,0,'2019-10-14 11:45:26',168,2,2,1,391),
(8,'2020-03-20 09:57:07',NULL,0,'2019-03-30 04:38:18',146,2,2,1,392),
(9,'2020-03-20 09:57:07',NULL,0,'2019-12-24 18:51:50',118,2,2,2,393),
(10,'2020-03-20 09:57:07',NULL,0,'2020-01-26 04:25:47',51,2,2,1,394),
(11,'2020-03-20 09:57:07',NULL,0,'2019-12-29 18:29:01',198,2,2,2,395),
(12,'2020-03-20 09:57:07',NULL,0,'2019-05-11 16:06:58',66,2,2,1,396),
(13,'2020-03-20 09:57:07',NULL,0,'2019-04-17 23:59:39',7,2,2,1,397),
(14,'2020-03-20 09:57:07',NULL,0,'2020-02-07 15:05:53',78,2,2,1,398),
(15,'2020-03-20 09:57:07',NULL,0,'2019-08-17 06:45:50',48,3,3,1,399),
(16,'2020-03-20 09:57:07',NULL,0,'2019-04-20 17:14:32',97,3,3,2,400),
(17,'2020-03-20 09:57:07',NULL,0,'2019-06-13 21:22:16',134,3,3,2,401),
(18,'2020-03-20 09:57:07',NULL,0,'2019-11-19 23:56:44',56,3,3,1,402),
(19,'2020-03-20 09:57:07',NULL,0,'2019-09-29 14:12:12',144,4,4,1,403),
(20,'2020-03-20 09:57:07',NULL,0,'2019-08-06 22:11:43',24,4,4,2,404),
(21,'2020-03-20 09:57:08',NULL,0,'2020-01-22 12:39:35',171,4,4,1,405),
(22,'2020-03-20 09:57:08',NULL,0,'2019-12-31 12:31:34',5,4,4,2,406),
(23,'2020-03-20 09:57:08',NULL,0,'2019-12-11 01:39:13',50,4,4,1,407),
(24,'2020-03-20 09:57:08',NULL,0,'2019-06-04 14:37:24',168,4,4,1,408),
(25,'2020-03-20 09:57:08',NULL,0,'2020-03-18 21:27:15',76,5,1,2,409),
(26,'2020-03-20 09:57:08',NULL,0,'2020-01-30 12:54:37',59,5,1,1,410),
(27,'2020-03-20 09:57:08',NULL,0,'2019-12-27 18:39:53',13,5,1,1,411),
(28,'2020-03-20 09:57:08',NULL,0,'2019-03-22 15:36:53',74,5,1,1,412),
(29,'2020-03-20 09:57:08',NULL,0,'2019-04-07 18:17:12',119,6,2,2,413),
(30,'2020-03-20 09:57:08',NULL,0,'2020-01-18 04:32:28',177,6,2,2,414),
(31,'2020-03-20 09:57:08',NULL,0,'2020-01-08 21:19:24',131,6,2,2,415),
(32,'2020-03-20 09:57:08',NULL,0,'2019-12-07 03:40:49',151,6,2,1,416),
(33,'2020-03-20 09:57:08',NULL,0,'2019-08-12 06:34:08',93,6,2,1,417),
(34,'2020-03-20 09:57:09',NULL,0,'2020-03-15 02:14:32',94,6,2,2,418),
(35,'2020-03-20 09:57:09',NULL,0,'2019-07-23 21:40:45',130,6,2,1,419),
(36,'2020-03-20 09:57:09',NULL,0,'2019-12-18 05:07:24',91,6,2,2,420),
(37,'2020-03-20 09:57:09',NULL,0,'2019-11-03 17:20:39',154,7,3,1,421),
(38,'2020-03-20 09:57:09',NULL,0,'2019-04-27 04:53:05',24,7,3,2,422),
(39,'2020-03-20 09:57:09',NULL,0,'2019-06-07 12:45:48',165,7,3,2,423),
(40,'2020-03-20 09:57:09',NULL,0,'2019-04-08 01:57:18',104,7,3,2,424),
(41,'2020-03-20 09:57:09',NULL,0,'2019-11-29 21:08:30',76,7,3,2,425),
(42,'2020-03-20 09:57:09',NULL,0,'2019-10-04 16:25:15',26,7,3,2,426),
(43,'2020-03-20 09:57:09',NULL,0,'2020-01-28 21:46:42',35,7,3,1,427),
(44,'2020-03-20 09:57:09',NULL,0,'2019-09-04 07:01:13',22,7,3,1,428),
(45,'2020-03-20 09:57:09',NULL,0,'2019-06-10 03:54:25',12,7,3,2,429),
(46,'2020-03-20 09:57:09',NULL,0,'2019-09-09 16:25:07',162,8,4,2,430),
(47,'2020-03-20 09:57:09',NULL,0,'2019-09-19 20:33:27',3,8,4,2,431),
(48,'2020-03-20 09:57:09',NULL,0,'2019-08-05 19:59:00',48,8,4,2,432),
(49,'2020-03-20 09:57:10',NULL,0,'2020-02-17 21:35:58',45,9,1,2,433),
(50,'2020-03-20 09:57:10',NULL,0,'2019-08-12 05:22:31',186,9,1,1,434),
(51,'2020-03-20 09:57:10',NULL,0,'2019-10-25 20:25:16',59,9,1,2,435),
(52,'2020-03-20 09:57:10',NULL,0,'2019-07-22 14:16:35',176,9,1,2,436),
(53,'2020-03-20 09:57:10',NULL,0,'2019-05-14 00:36:01',17,9,1,1,437),
(54,'2020-03-20 09:57:10',NULL,0,'2019-04-15 19:12:28',49,10,2,2,438),
(55,'2020-03-20 09:57:10',NULL,0,'2020-03-13 22:10:50',28,10,2,1,439),
(56,'2020-03-20 09:57:10',NULL,0,'2019-10-30 21:10:10',100,10,2,2,440),
(57,'2020-03-20 09:57:10',NULL,0,'2019-07-08 15:40:56',47,10,2,2,441),
(58,'2020-03-20 09:57:10',NULL,0,'2019-08-03 21:48:27',144,10,2,2,442),
(59,'2020-03-20 09:57:10',NULL,0,'2019-05-20 16:39:38',196,10,2,1,443),
(60,'2020-03-20 09:57:10',NULL,0,'2019-08-14 03:27:08',29,11,3,2,444),
(61,'2020-03-20 09:57:10',NULL,0,'2020-03-07 17:46:41',164,11,3,1,445),
(62,'2020-03-20 09:57:11',NULL,0,'2019-05-04 06:07:41',117,12,4,2,446),
(63,'2020-03-20 09:57:11',NULL,0,'2019-07-11 18:43:03',4,13,1,2,447),
(64,'2020-03-20 09:57:11',NULL,0,'2020-01-27 15:22:34',25,13,1,2,448),
(65,'2020-03-20 09:57:11',NULL,0,'2019-05-23 09:48:47',185,13,1,1,449),
(66,'2020-03-20 09:57:11',NULL,0,'2019-03-30 21:43:59',134,14,2,1,450),
(67,'2020-03-20 09:57:11',NULL,0,'2019-11-13 06:37:48',65,14,2,1,451),
(68,'2020-03-20 09:57:11',NULL,0,'2019-12-30 16:30:01',54,14,2,1,452),
(69,'2020-03-20 09:57:11',NULL,0,'2019-07-25 18:17:42',74,14,2,1,453),
(70,'2020-03-20 09:57:11',NULL,0,'2019-08-19 18:38:53',176,14,2,1,454),
(71,'2020-03-20 09:57:11',NULL,0,'2020-03-10 01:23:59',12,14,2,2,455),
(72,'2020-03-20 09:57:11',NULL,0,'2019-12-11 03:58:17',90,14,2,1,456),
(73,'2020-03-20 09:57:11',NULL,0,'2019-11-09 17:19:48',34,14,2,1,457),
(74,'2020-03-20 09:57:11',NULL,0,'2020-03-14 10:30:41',84,15,3,1,458),
(75,'2020-03-20 09:57:11',NULL,0,'2019-12-04 06:55:02',60,15,3,2,459),
(76,'2020-03-20 09:57:12',NULL,0,'2019-08-23 04:38:56',58,15,3,2,460),
(77,'2020-03-20 09:57:12',NULL,0,'2020-01-23 08:43:46',122,15,3,2,461),
(78,'2020-03-20 09:57:12',NULL,0,'2019-05-08 02:41:33',36,16,4,2,462),
(79,'2020-03-20 09:57:12',NULL,0,'2019-05-23 05:45:47',12,16,4,2,463),
(80,'2020-03-20 09:57:12',NULL,0,'2019-07-05 12:15:07',116,16,4,2,464),
(81,'2020-03-20 09:57:12',NULL,0,'2019-04-29 02:44:32',41,16,4,2,465),
(82,'2020-03-20 09:57:12',NULL,0,'2020-03-13 00:01:49',177,16,4,1,466),
(83,'2020-03-20 09:57:12',NULL,0,'2019-05-05 15:52:07',105,17,1,2,467),
(84,'2020-03-20 09:57:12',NULL,0,'2020-03-12 04:47:57',23,17,1,2,468),
(85,'2020-03-20 09:57:12',NULL,0,'2019-09-24 05:45:39',37,17,1,2,469),
(86,'2020-03-20 09:57:12',NULL,0,'2020-02-28 23:53:08',60,17,1,1,470),
(87,'2020-03-20 09:57:12',NULL,0,'2019-12-25 13:19:05',42,18,2,2,471),
(88,'2020-03-20 09:57:12',NULL,0,'2020-01-29 21:46:54',122,18,2,2,472),
(89,'2020-03-20 09:57:12',NULL,0,'2019-06-24 20:20:07',81,18,2,1,473),
(90,'2020-03-20 09:57:13',NULL,0,'2020-02-15 22:15:18',126,18,2,1,474),
(91,'2020-03-20 09:57:13',NULL,0,'2020-02-06 06:05:21',7,18,2,2,475),
(92,'2020-03-20 09:57:13',NULL,0,'2019-07-28 16:56:41',140,18,2,1,476),
(93,'2020-03-20 09:57:13',NULL,0,'2019-11-20 16:09:11',100,18,2,1,477),
(94,'2020-03-20 09:57:13',NULL,0,'2019-08-25 00:57:20',188,18,2,1,478),
(95,'2020-03-20 09:57:13',NULL,0,'2019-12-15 20:15:23',105,19,3,2,479),
(96,'2020-03-20 09:57:13',NULL,0,'2020-02-12 16:06:34',155,19,3,1,480),
(97,'2020-03-20 09:57:13',NULL,0,'2019-08-11 15:01:08',90,19,3,2,481),
(98,'2020-03-20 09:57:13',NULL,0,'2019-11-13 04:40:52',151,19,3,2,482),
(99,'2020-03-20 09:57:13',NULL,0,'2020-02-24 11:17:09',83,20,4,2,483),
(100,'2020-03-20 09:57:13',NULL,0,'2019-07-25 14:31:35',153,20,4,1,484),
(101,'2020-03-20 09:57:13',NULL,0,'2019-09-10 04:27:39',19,20,4,2,485),
(102,'2020-03-20 09:57:13',NULL,0,'2019-04-24 11:13:46',7,20,4,2,486),
(103,'2020-03-20 09:57:14',NULL,0,'2019-11-16 08:31:08',22,20,4,2,487),
(104,'2020-03-20 09:57:14',NULL,0,'2020-03-13 13:58:58',106,21,1,1,488),
(105,'2020-03-20 09:57:14',NULL,0,'2020-01-15 22:56:14',96,21,1,1,489),
(106,'2020-03-20 09:57:14',NULL,0,'2019-04-19 00:57:24',148,21,1,1,490),
(107,'2020-03-20 09:57:14',NULL,0,'2020-02-27 03:49:31',34,21,1,1,491),
(108,'2020-03-20 09:57:14',NULL,0,'2020-01-23 03:45:37',88,21,1,1,492),
(109,'2020-03-20 09:57:14',NULL,0,'2019-06-26 08:39:23',55,21,1,2,493),
(110,'2020-03-20 09:57:14',NULL,0,'2020-02-06 05:47:46',133,21,1,1,494),
(111,'2020-03-20 09:57:14',NULL,0,'2019-09-13 03:44:40',100,22,2,2,495),
(112,'2020-03-20 09:57:14',NULL,0,'2019-08-25 21:40:15',166,22,2,1,496),
(113,'2020-03-20 09:57:14',NULL,0,'2019-04-03 03:29:34',30,22,2,1,497),
(114,'2020-03-20 09:57:14',NULL,0,'2019-06-26 18:50:31',150,23,3,2,498),
(115,'2020-03-20 09:57:14',NULL,0,'2019-09-12 12:29:13',15,23,3,2,499),
(116,'2020-03-20 09:57:14',NULL,0,'2019-08-21 18:01:50',116,24,4,2,500),
(117,'2020-03-20 09:57:15',NULL,0,'2020-03-18 16:51:01',78,24,4,1,501),
(118,'2020-03-20 09:57:15',NULL,0,'2019-08-31 13:32:46',44,25,1,2,502),
(119,'2020-03-20 09:57:15',NULL,0,'2019-03-26 10:21:03',175,25,1,2,503),
(120,'2020-03-20 09:57:15',NULL,0,'2019-10-03 01:36:17',20,25,1,2,504),
(121,'2020-03-20 09:57:15',NULL,0,'2019-05-10 15:51:52',84,25,1,1,505),
(122,'2020-03-20 09:57:15',NULL,0,'2019-08-22 23:55:32',84,25,1,2,506),
(123,'2020-03-20 09:57:15',NULL,0,'2019-06-23 12:47:06',120,25,1,2,507),
(124,'2020-03-20 09:57:15',NULL,0,'2019-05-03 16:45:40',52,25,1,1,508),
(125,'2020-03-20 09:57:15',NULL,0,'2019-04-19 19:04:09',10,25,1,1,509),
(126,'2020-03-20 09:57:15',NULL,0,'2019-12-16 10:11:44',8,25,1,1,510),
(127,'2020-03-20 09:57:15',NULL,0,'2019-03-25 01:53:21',113,26,2,2,511),
(128,'2020-03-20 09:57:15',NULL,0,'2019-10-17 17:31:39',1,26,2,1,512),
(129,'2020-03-20 09:57:15',NULL,0,'2019-12-12 03:20:11',59,26,2,2,513),
(130,'2020-03-20 09:57:16',NULL,0,'2019-11-02 02:41:56',186,26,2,2,514),
(131,'2020-03-20 09:57:16',NULL,0,'2019-10-26 10:08:30',13,26,2,1,515),
(132,'2020-03-20 09:57:16',NULL,0,'2019-11-26 19:07:40',18,26,2,2,516),
(133,'2020-03-20 09:57:16',NULL,0,'2020-02-26 08:36:15',135,26,2,2,517),
(134,'2020-03-20 09:57:16',NULL,0,'2019-11-23 17:35:23',128,26,2,1,518),
(135,'2020-03-20 09:57:16',NULL,0,'2020-01-14 10:20:39',153,26,2,2,519),
(136,'2020-03-20 09:57:16',NULL,0,'2019-03-26 15:45:58',71,27,3,2,520),
(137,'2020-03-20 09:57:16',NULL,0,'2020-03-17 13:10:42',99,27,3,2,521),
(138,'2020-03-20 09:57:16',NULL,0,'2020-01-09 09:52:01',52,27,3,1,522),
(139,'2020-03-20 09:57:16',NULL,0,'2020-03-06 00:18:42',19,27,3,1,523),
(140,'2020-03-20 09:57:16',NULL,0,'2019-04-17 04:42:06',102,28,4,2,524),
(141,'2020-03-20 09:57:16',NULL,0,'2019-11-22 02:14:50',146,28,4,2,525),
(142,'2020-03-20 09:57:16',NULL,0,'2019-11-22 08:42:10',115,28,4,1,526),
(143,'2020-03-20 09:57:16',NULL,0,'2020-03-08 04:56:35',31,28,4,2,527),
(144,'2020-03-20 09:57:17',NULL,0,'2019-04-14 18:45:39',69,28,4,2,528),
(145,'2020-03-20 09:57:17',NULL,0,'2019-08-26 01:50:00',180,29,1,1,529),
(146,'2020-03-20 09:57:17',NULL,0,'2020-03-13 10:30:35',141,30,2,1,530),
(147,'2020-03-20 09:57:17',NULL,0,'2019-09-26 06:04:48',180,30,2,1,531),
(148,'2020-03-20 09:57:17',NULL,0,'2020-02-08 10:52:28',92,30,2,1,532),
(149,'2020-03-20 09:57:17',NULL,0,'2019-03-28 11:40:11',2,30,2,2,533),
(150,'2020-03-20 09:57:17',NULL,0,'2019-09-06 20:24:32',150,30,2,1,534),
(151,'2020-03-20 09:57:17',NULL,0,'2019-11-15 08:31:51',125,30,2,1,535),
(152,'2020-03-20 09:57:17',NULL,0,'2019-07-19 01:37:04',155,31,3,2,536),
(153,'2020-03-20 09:57:17',NULL,0,'2019-03-28 16:19:49',96,31,3,2,537),
(154,'2020-03-20 09:57:17',NULL,0,'2020-03-16 11:29:00',75,31,3,1,538),
(155,'2020-03-20 09:57:17',NULL,0,'2019-07-28 07:56:01',148,32,4,1,539),
(156,'2020-03-20 09:57:17',NULL,0,'2019-12-26 14:32:08',18,32,4,1,540),
(157,'2020-03-20 09:57:17',NULL,0,'2019-09-22 03:57:39',123,32,4,1,541),
(158,'2020-03-20 09:57:18',NULL,0,'2019-03-28 07:41:12',152,33,1,2,542),
(159,'2020-03-20 09:57:18',NULL,0,'2019-06-25 16:50:09',76,33,1,2,543),
(160,'2020-03-20 09:57:18',NULL,0,'2019-06-03 11:14:25',174,33,1,1,544),
(161,'2020-03-20 09:57:18',NULL,0,'2019-06-22 15:49:32',53,34,2,1,545),
(162,'2020-03-20 09:57:18',NULL,0,'2019-09-04 03:47:16',173,34,2,1,546),
(163,'2020-03-20 09:57:18',NULL,0,'2020-02-16 12:57:05',188,34,2,2,547),
(164,'2020-03-20 09:57:18',NULL,0,'2020-03-18 18:11:45',195,34,2,2,548),
(165,'2020-03-20 09:57:18',NULL,0,'2020-02-21 21:00:14',175,34,2,2,549),
(166,'2020-03-20 09:57:18',NULL,0,'2019-09-18 00:57:00',157,34,2,2,550),
(167,'2020-03-20 09:57:18',NULL,0,'2019-04-26 13:55:53',22,34,2,1,551),
(168,'2020-03-20 09:57:18',NULL,0,'2019-10-21 19:31:33',40,34,2,2,552),
(169,'2020-03-20 09:57:18',NULL,0,'2019-05-07 16:21:47',143,35,3,1,553),
(170,'2020-03-20 09:57:18',NULL,0,'2020-01-30 03:12:26',120,35,3,1,554),
(171,'2020-03-20 09:57:18',NULL,0,'2019-12-15 12:47:54',90,35,3,2,555),
(172,'2020-03-20 09:57:19',NULL,0,'2019-12-22 09:22:14',195,35,3,1,556),
(173,'2020-03-20 09:57:19',NULL,0,'2019-09-20 07:29:12',2,35,3,2,557),
(174,'2020-03-20 09:57:19',NULL,0,'2019-08-06 15:23:26',188,35,3,1,558),
(175,'2020-03-20 09:57:19',NULL,0,'2019-08-12 21:17:02',109,36,4,2,559),
(176,'2020-03-20 09:57:19',NULL,0,'2019-07-02 00:46:46',116,36,4,2,560),
(177,'2020-03-20 09:57:19',NULL,0,'2019-06-16 00:23:37',187,36,4,1,561),
(178,'2020-03-20 09:57:19',NULL,0,'2019-10-17 12:52:07',130,36,4,1,562),
(179,'2020-03-20 09:57:19',NULL,0,'2019-10-23 18:19:30',75,37,1,1,563),
(180,'2020-03-20 09:57:19',NULL,0,'2020-01-04 15:15:42',48,37,1,1,564),
(181,'2020-03-20 09:57:19',NULL,0,'2020-03-02 00:43:53',116,37,1,2,565),
(182,'2020-03-20 09:57:19',NULL,0,'2019-12-11 04:47:32',147,38,2,2,566),
(183,'2020-03-20 09:57:19',NULL,0,'2019-04-08 11:07:36',176,38,2,1,567),
(184,'2020-03-20 09:57:19',NULL,0,'2019-08-13 21:59:15',128,38,2,1,568),
(185,'2020-03-20 09:57:20',NULL,0,'2019-09-04 11:27:57',10,38,2,2,569),
(186,'2020-03-20 09:57:20',NULL,0,'2019-11-12 03:41:08',92,38,2,2,570),
(187,'2020-03-20 09:57:20',NULL,0,'2020-01-10 01:33:31',16,38,2,2,571),
(188,'2020-03-20 09:57:20',NULL,0,'2019-05-02 05:04:07',3,38,2,2,572),
(189,'2020-03-20 09:57:20',NULL,0,'2019-04-04 05:26:09',23,38,2,2,573),
(190,'2020-03-20 09:57:20',NULL,0,'2019-08-26 13:16:48',7,38,2,1,574),
(191,'2020-03-20 09:57:20',NULL,0,'2019-04-30 02:25:27',131,39,3,2,575),
(192,'2020-03-20 09:57:20',NULL,0,'2020-02-26 23:11:03',93,39,3,1,576),
(193,'2020-03-20 09:57:20',NULL,0,'2019-11-10 06:08:53',40,39,3,1,577),
(194,'2020-03-20 09:57:20',NULL,0,'2019-10-21 02:45:26',42,39,3,2,578),
(195,'2020-03-20 09:57:20',NULL,0,'2019-05-04 16:07:36',18,39,3,2,579),
(196,'2020-03-20 09:57:20',NULL,0,'2019-07-06 17:13:10',8,40,4,2,580),
(197,'2020-03-20 09:57:20',NULL,0,'2019-04-01 16:55:59',117,40,4,2,581),
(198,'2020-03-20 09:57:21',NULL,0,'2019-03-22 23:14:50',19,40,4,2,582),
(199,'2020-03-20 09:57:21',NULL,0,'2019-03-23 08:40:55',80,40,4,1,583),
(200,'2020-03-20 09:57:21',NULL,0,'2019-11-08 01:25:27',38,40,4,2,584),
(201,'2020-03-20 09:57:21',NULL,0,'2019-03-31 14:33:06',71,40,4,2,585),
(202,'2020-03-20 09:57:21',NULL,0,'2019-07-07 23:51:18',100,40,4,2,586),
(203,'2020-03-20 09:57:21',NULL,0,'2020-02-07 01:35:52',35,40,4,2,587),
(204,'2020-03-20 09:57:21',NULL,0,'2019-05-20 23:49:48',16,40,4,1,588);

/*Data for the table `coverage_operator` */

/*Data for the table `cron` */

insert  into `cron`(`id`,`created`,`updated`,`deleted`,`expression`,`name`,`description`,`active`) values 
(1,'2020-03-20 09:57:21',NULL,0,'*/15 * * * *','updateFuelPrices','Job that updates fuel prices based on he gas station\'s prices',1);

/*Data for the table `customer` */

insert  into `customer`(`id`,`created`,`updated`,`deleted`,`first_name`,`last_name`,`document_number`,`born`,`phone`,`status`,`activation_code`,`user_id`) values 
(1,'2020-03-20 09:56:13',NULL,0,'Jess','Snchez','38366595','1945-02-18 02:31:33','+543875438566','active','8233',1),
(2,'2020-03-20 09:56:13',NULL,0,'Iker','Delgado','18635606','1996-05-21 12:23:35','+543877208234','active','4963',2),
(3,'2020-03-20 09:56:13',NULL,0,'Franco','Cola','33061275','2001-07-09 17:58:54','+543875227960','active','9335',3),
(4,'2020-03-20 09:56:14',NULL,0,'Ivan','Cola','14784606','1985-05-30 08:32:29','+543879297728','active','8778',4),
(5,'2020-03-20 09:56:14',NULL,0,'Carlos','Hernandez','20678205','1960-06-23 14:10:56','+543872024567','active','0427',5),
(6,'2020-03-20 09:56:14',NULL,0,'Iker','Velez','26895062','1972-04-10 15:32:07','+543878594799','active','9839',6),
(7,'2020-03-20 09:56:14',NULL,0,'Nicols','Lpez','33177693','1977-09-30 10:24:32','+543878908301','active','9361',7),
(8,'2020-03-20 09:56:15',NULL,0,'Pedro','Cortes','13751117','1967-02-10 13:24:50','+543872853882','active','7184',8),
(9,'2020-03-20 09:56:15',NULL,0,'Isaac','Velazquez','14408287','1985-04-02 18:12:07','+543878058384','active','8029',9),
(10,'2020-03-20 09:56:15',NULL,0,'Juan Jos','Dominguez','25137634','1944-05-06 13:26:48','+543879485205','active','9922',10);

/*Data for the table `document` */

insert  into `document`(`id`,`created`,`updated`,`deleted`,`name`,`document_data`,`document_type_id`,`customer_id`) values 
(1,'2020-03-20 09:56:13',NULL,0,'Frente DNI','',1,1),
(2,'2020-03-20 09:56:13',NULL,0,'Dorso DNI','',2,1),
(3,'2020-03-20 09:56:13',NULL,0,'Frente DNI','',1,2),
(4,'2020-03-20 09:56:13',NULL,0,'Dorso DNI','',2,2),
(5,'2020-03-20 09:56:13',NULL,0,'Frente DNI','',1,3),
(6,'2020-03-20 09:56:13',NULL,0,'Dorso DNI','',2,3),
(7,'2020-03-20 09:56:14',NULL,0,'Frente DNI','',1,4),
(8,'2020-03-20 09:56:14',NULL,0,'Dorso DNI','',2,4),
(9,'2020-03-20 09:56:14',NULL,0,'Frente DNI','',1,5),
(10,'2020-03-20 09:56:14',NULL,0,'Dorso DNI','',2,5),
(11,'2020-03-20 09:56:14',NULL,0,'Frente DNI','',1,6),
(12,'2020-03-20 09:56:14',NULL,0,'Dorso DNI','',2,6),
(13,'2020-03-20 09:56:14',NULL,0,'Frente DNI','',1,7),
(14,'2020-03-20 09:56:14',NULL,0,'Dorso DNI','',2,7),
(15,'2020-03-20 09:56:15',NULL,0,'Frente DNI','',1,8),
(16,'2020-03-20 09:56:15',NULL,0,'Dorso DNI','',2,8),
(17,'2020-03-20 09:56:15',NULL,0,'Frente DNI','',1,9),
(18,'2020-03-20 09:56:15',NULL,0,'Dorso DNI','',2,9),
(19,'2020-03-20 09:56:15',NULL,0,'Frente DNI','',1,10),
(20,'2020-03-20 09:56:15',NULL,0,'Dorso DNI','',2,10);

/*Data for the table `document_type` */

insert  into `document_type`(`id`,`created`,`updated`,`deleted`,`name`) values 
(1,'2020-03-20 09:56:09',NULL,0,'Frente DNI'),
(2,'2020-03-20 09:56:09',NULL,0,'Dorso DNI');

/*Data for the table `fcm_token` */

/*Data for the table `fuel_exchange` */

/*Data for the table `fuel_price` */

insert  into `fuel_price`(`id`,`created`,`updated`,`deleted`,`from`,`to`,`price`,`fuel_type_id`) values 
(1,'2020-03-20 09:56:09',NULL,0,'2020-02-28 09:56:09',NULL,33.21,1),
(2,'2020-03-20 09:56:10',NULL,0,'2020-02-13 09:56:09','2020-02-28 09:56:09',32.24,1),
(3,'2020-03-20 09:56:10',NULL,0,'2020-01-22 09:56:09','2020-02-13 09:56:09',31.32,1),
(4,'2020-03-20 09:56:10',NULL,0,'2020-01-06 09:56:09','2020-01-22 09:56:09',31.03,1),
(5,'2020-03-20 09:56:10',NULL,0,'2019-12-16 09:56:09','2020-01-06 09:56:09',30.08,1),
(6,'2020-03-20 09:56:10',NULL,0,'2019-11-26 09:56:09','2019-12-16 09:56:09',29.22,1),
(7,'2020-03-20 09:56:10',NULL,0,'2019-11-11 09:56:09','2019-11-26 09:56:09',29.15,1),
(8,'2020-03-20 09:56:10',NULL,0,'2019-10-24 09:56:09','2019-11-11 09:56:09',28.34,1),
(9,'2020-03-20 09:56:10',NULL,0,'2019-09-30 09:56:09','2019-10-24 09:56:09',28.07,1),
(10,'2020-03-20 09:56:10',NULL,0,'2019-09-15 09:56:09','2019-09-30 09:56:09',27.49,1),
(11,'2020-03-20 09:56:10',NULL,0,'2019-08-30 09:56:09','2019-09-15 09:56:09',26.76,1),
(12,'2020-03-20 09:56:10',NULL,0,'2019-08-18 09:56:09','2019-08-30 09:56:09',26.59,1),
(13,'2020-03-20 09:56:10',NULL,0,'2019-08-03 09:56:09','2019-08-18 09:56:09',25.93,1),
(14,'2020-03-20 09:56:10',NULL,0,'2019-07-23 09:56:09','2019-08-03 09:56:09',25.16,1),
(15,'2020-03-20 09:56:10',NULL,0,'2019-07-02 09:56:09','2019-07-23 09:56:09',24.47,1),
(16,'2020-03-20 09:56:10',NULL,0,'2019-06-19 09:56:09','2019-07-02 09:56:09',23.65,1),
(17,'2020-03-20 09:56:10',NULL,0,'2019-06-02 09:56:09','2019-06-19 09:56:09',23.65,1),
(18,'2020-03-20 09:56:10',NULL,0,'2019-05-22 09:56:09','2019-06-02 09:56:09',23.14,1),
(19,'2020-03-20 09:56:10',NULL,0,'2019-05-10 09:56:09','2019-05-22 09:56:09',23,1),
(20,'2020-03-20 09:56:10',NULL,0,'2019-04-19 09:56:09','2019-05-10 09:56:09',22.72,1),
(21,'2020-03-20 09:56:10',NULL,0,'2019-04-06 09:56:09','2019-04-19 09:56:09',21.98,1),
(22,'2020-03-20 09:56:10',NULL,0,'2019-03-15 09:56:09','2019-04-06 09:56:09',21.36,1),
(23,'2020-03-20 09:56:10',NULL,0,'2019-03-01 09:56:09','2019-03-15 09:56:09',21.13,1),
(24,'2020-03-20 09:56:10',NULL,0,'2019-02-17 09:56:09','2019-03-01 09:56:09',20.76,1),
(25,'2020-03-20 09:56:10',NULL,0,'2020-03-07 09:56:10',NULL,31.14,2),
(26,'2020-03-20 09:56:10',NULL,0,'2020-02-25 09:56:10','2020-03-07 09:56:10',30.6,2),
(27,'2020-03-20 09:56:10',NULL,0,'2020-02-06 09:56:10','2020-02-25 09:56:10',29.86,2),
(28,'2020-03-20 09:56:10',NULL,0,'2020-01-20 09:56:10','2020-02-06 09:56:10',28.88,2),
(29,'2020-03-20 09:56:10',NULL,0,'2019-12-27 09:56:10','2020-01-20 09:56:10',28.32,2),
(30,'2020-03-20 09:56:10',NULL,0,'2019-12-10 09:56:10','2019-12-27 09:56:10',28.18,2),
(31,'2020-03-20 09:56:10',NULL,0,'2019-11-20 09:56:10','2019-12-10 09:56:10',27.46,2),
(32,'2020-03-20 09:56:10',NULL,0,'2019-11-09 09:56:10','2019-11-20 09:56:10',26.5,2),
(33,'2020-03-20 09:56:11',NULL,0,'2019-10-16 09:56:10','2019-11-09 09:56:10',25.71,2),
(34,'2020-03-20 09:56:11',NULL,0,'2019-09-25 09:56:10','2019-10-16 09:56:10',25.46,2),
(35,'2020-03-20 09:56:11',NULL,0,'2019-09-12 09:56:10','2019-09-25 09:56:10',25.3,2),
(36,'2020-03-20 09:56:11',NULL,0,'2019-08-29 09:56:10','2019-09-12 09:56:10',24.98,2),
(37,'2020-03-20 09:56:11',NULL,0,'2019-08-16 09:56:10','2019-08-29 09:56:10',24.78,2),
(38,'2020-03-20 09:56:11',NULL,0,'2019-08-05 09:56:10','2019-08-16 09:56:10',24.02,2),
(39,'2020-03-20 09:56:11',NULL,0,'2019-07-15 09:56:10','2019-08-05 09:56:10',23.33,2),
(40,'2020-03-20 09:56:11',NULL,0,'2019-07-02 09:56:10','2019-07-15 09:56:10',23.17,2),
(41,'2020-03-20 09:56:11',NULL,0,'2019-06-12 09:56:10','2019-07-02 09:56:10',22.97,2),
(42,'2020-03-20 09:56:11',NULL,0,'2019-05-21 09:56:10','2019-06-12 09:56:10',22.58,2),
(43,'2020-03-20 09:56:11',NULL,0,'2019-05-03 09:56:10','2019-05-21 09:56:10',22.36,2),
(44,'2020-03-20 09:56:11',NULL,0,'2019-04-09 09:56:10','2019-05-03 09:56:10',22.27,2),
(45,'2020-03-20 09:56:11',NULL,0,'2019-03-18 09:56:10','2019-04-09 09:56:10',21.98,2),
(46,'2020-03-20 09:56:11',NULL,0,'2019-02-25 09:56:10','2019-03-18 09:56:10',21.5,2),
(47,'2020-03-20 09:56:11',NULL,0,'2019-02-11 09:56:10','2019-02-25 09:56:10',21.24,2),
(48,'2020-03-20 09:56:11',NULL,0,'2019-02-01 09:56:10','2019-02-11 09:56:10',21.06,2),
(49,'2020-03-20 09:56:11',NULL,0,'2020-02-28 09:56:11',NULL,37.3,3),
(50,'2020-03-20 09:56:11',NULL,0,'2020-02-08 09:56:11','2020-02-28 09:56:11',36.87,3),
(51,'2020-03-20 09:56:11',NULL,0,'2020-01-29 09:56:11','2020-02-08 09:56:11',36.74,3),
(52,'2020-03-20 09:56:11',NULL,0,'2020-01-19 09:56:11','2020-01-29 09:56:11',36.68,3),
(53,'2020-03-20 09:56:11',NULL,0,'2019-12-29 09:56:11','2020-01-19 09:56:11',36.13,3),
(54,'2020-03-20 09:56:11',NULL,0,'2019-12-08 09:56:11','2019-12-29 09:56:11',36.06,3),
(55,'2020-03-20 09:56:11',NULL,0,'2019-11-16 09:56:11','2019-12-08 09:56:11',35.17,3),
(56,'2020-03-20 09:56:11',NULL,0,'2019-10-31 09:56:11','2019-11-16 09:56:11',34.32,3),
(57,'2020-03-20 09:56:11',NULL,0,'2019-10-21 09:56:11','2019-10-31 09:56:11',33.36,3),
(58,'2020-03-20 09:56:11',NULL,0,'2019-10-08 09:56:11','2019-10-21 09:56:11',32.48,3),
(59,'2020-03-20 09:56:11',NULL,0,'2019-09-28 09:56:11','2019-10-08 09:56:11',32.4,3),
(60,'2020-03-20 09:56:11',NULL,0,'2019-09-13 09:56:11','2019-09-28 09:56:11',32.38,3),
(61,'2020-03-20 09:56:11',NULL,0,'2019-08-31 09:56:11','2019-09-13 09:56:11',32.32,3),
(62,'2020-03-20 09:56:11',NULL,0,'2019-08-18 09:56:11','2019-08-31 09:56:11',31.78,3),
(63,'2020-03-20 09:56:11',NULL,0,'2019-07-26 09:56:11','2019-08-18 09:56:11',31.31,3),
(64,'2020-03-20 09:56:11',NULL,0,'2019-07-05 09:56:11','2019-07-26 09:56:11',31.1,3),
(65,'2020-03-20 09:56:11',NULL,0,'2019-06-17 09:56:11','2019-07-05 09:56:11',30.25,3),
(66,'2020-03-20 09:56:12',NULL,0,'2019-05-30 09:56:11','2019-06-17 09:56:11',29.89,3),
(67,'2020-03-20 09:56:12',NULL,0,'2019-05-07 09:56:11','2019-05-30 09:56:11',29.15,3),
(68,'2020-03-20 09:56:12',NULL,0,'2019-04-14 09:56:11','2019-05-07 09:56:11',28.25,3),
(69,'2020-03-20 09:56:12',NULL,0,'2019-03-22 09:56:11','2019-04-14 09:56:11',27.52,3),
(70,'2020-03-20 09:56:12',NULL,0,'2019-03-03 09:56:11','2019-03-22 09:56:11',26.97,3),
(71,'2020-03-20 09:56:12',NULL,0,'2019-02-20 09:56:11','2019-03-03 09:56:11',26.87,3),
(72,'2020-03-20 09:56:12',NULL,0,'2019-01-31 09:56:11','2019-02-20 09:56:11',26.29,3),
(73,'2020-03-20 09:56:12',NULL,0,'2020-03-06 09:56:12',NULL,47.04,4),
(74,'2020-03-20 09:56:12',NULL,0,'2020-02-23 09:56:12','2020-03-06 09:56:12',46.61,4),
(75,'2020-03-20 09:56:12',NULL,0,'2020-02-12 09:56:12','2020-02-23 09:56:12',46.1,4),
(76,'2020-03-20 09:56:12',NULL,0,'2020-02-01 09:56:12','2020-02-12 09:56:12',45.63,4),
(77,'2020-03-20 09:56:12',NULL,0,'2020-01-17 09:56:12','2020-02-01 09:56:12',45.34,4),
(78,'2020-03-20 09:56:12',NULL,0,'2020-01-03 09:56:12','2020-01-17 09:56:12',44.53,4),
(79,'2020-03-20 09:56:12',NULL,0,'2019-12-16 09:56:12','2020-01-03 09:56:12',43.82,4),
(80,'2020-03-20 09:56:12',NULL,0,'2019-11-23 09:56:12','2019-12-16 09:56:12',43.58,4),
(81,'2020-03-20 09:56:12',NULL,0,'2019-11-04 09:56:12','2019-11-23 09:56:12',42.63,4),
(82,'2020-03-20 09:56:12',NULL,0,'2019-10-17 09:56:12','2019-11-04 09:56:12',42.3,4),
(83,'2020-03-20 09:56:12',NULL,0,'2019-10-06 09:56:12','2019-10-17 09:56:12',41.67,4),
(84,'2020-03-20 09:56:12',NULL,0,'2019-09-24 09:56:12','2019-10-06 09:56:12',41.35,4),
(85,'2020-03-20 09:56:12',NULL,0,'2019-09-04 09:56:12','2019-09-24 09:56:12',40.95,4),
(86,'2020-03-20 09:56:12',NULL,0,'2019-08-11 09:56:12','2019-09-04 09:56:12',40.45,4),
(87,'2020-03-20 09:56:12',NULL,0,'2019-07-28 09:56:12','2019-08-11 09:56:12',40.28,4),
(88,'2020-03-20 09:56:12',NULL,0,'2019-07-08 09:56:12','2019-07-28 09:56:12',39.34,4),
(89,'2020-03-20 09:56:12',NULL,0,'2019-06-19 09:56:12','2019-07-08 09:56:12',39.07,4),
(90,'2020-03-20 09:56:12',NULL,0,'2019-06-06 09:56:12','2019-06-19 09:56:12',38.49,4),
(91,'2020-03-20 09:56:12',NULL,0,'2019-05-23 09:56:12','2019-06-06 09:56:12',38.11,4),
(92,'2020-03-20 09:56:12',NULL,0,'2019-05-04 09:56:12','2019-05-23 09:56:12',37.76,4),
(93,'2020-03-20 09:56:12',NULL,0,'2019-04-23 09:56:12','2019-05-04 09:56:12',37.53,4),
(94,'2020-03-20 09:56:12',NULL,0,'2019-04-08 09:56:12','2019-04-23 09:56:12',37.07,4),
(95,'2020-03-20 09:56:12',NULL,0,'2019-03-15 09:56:12','2019-04-08 09:56:12',37.05,4),
(96,'2020-03-20 09:56:12',NULL,0,'2019-02-19 09:56:12','2019-03-15 09:56:12',36.63,4);

/*Data for the table `fuel_type` */

insert  into `fuel_type`(`id`,`created`,`updated`,`deleted`,`name`) values 
(1,'2020-03-20 09:56:09',NULL,0,'Nafta Super'),
(2,'2020-03-20 09:56:10',NULL,0,'Nafta Premium'),
(3,'2020-03-20 09:56:11',NULL,0,'Diesel'),
(4,'2020-03-20 09:56:12',NULL,0,'Euro Diesel');

/*Data for the table `gas_station` */

insert  into `gas_station`(`id`,`created`,`updated`,`deleted`,`name`,`lat`,`lng`,`address`,`external_ws_url`,`purchase_require_authorization`) values 
(1,'2020-03-20 09:56:17',NULL,0,'El Chango',-24.8063451,-65.4202375,'Av Paraguay, Av. Belgica Esq, 4400 Salta','https://changosrl.caldenoil.com:50443',0),
(2,'2020-03-20 09:56:17',NULL,0,'Independencia',-24.8079684,-65.4081358,'Av. Independencia 775, 4400 Salta','https://changosrl.caldenoil.com:50443',0);

/*Data for the table `gas_station_administrator` */

insert  into `gas_station_administrator`(`id`,`created`,`updated`,`deleted`,`name`,`gas_station_id`,`user_id`) values 
(1,'2020-03-20 09:56:17',NULL,0,'el_chango_administrator',1,13),
(2,'2020-03-20 09:56:18',NULL,0,'independencia_administrator',2,14);

/*Data for the table `gas_station_fuel_type_map` */

insert  into `gas_station_fuel_type_map`(`id`,`created`,`updated`,`deleted`,`external_code`,`gas_station_id`,`fuel_type_id`) values 
(1,'2020-03-20 09:56:17',NULL,0,'2',1,1),
(2,'2020-03-20 09:56:17',NULL,0,'3',1,2),
(3,'2020-03-20 09:56:17',NULL,0,'4',1,3),
(4,'2020-03-20 09:56:17',NULL,0,'5',1,4),
(5,'2020-03-20 09:56:18',NULL,0,'2',2,1),
(6,'2020-03-20 09:56:18',NULL,0,'3',2,2),
(7,'2020-03-20 09:56:18',NULL,0,'4',2,3),
(8,'2020-03-20 09:56:18',NULL,0,'5',2,4);

/*Data for the table `gas_tank` */

insert  into `gas_tank`(`id`,`created`,`updated`,`deleted`,`external_id`,`litres`,`gas_station_id`,`fuel_type_id`) values 
(1,'2020-03-20 09:56:17',NULL,0,'el_chango_nafta_super_1',79889.97,1,1),
(2,'2020-03-20 09:56:17',NULL,0,'el_chango_nafta_premium_1',79821.08,1,2),
(3,'2020-03-20 09:56:17',NULL,0,'el_chango_diesel_1',5420.84,1,3),
(4,'2020-03-20 09:56:17',NULL,0,'el_chango_euro_diesel_1',59765.9,1,4),
(5,'2020-03-20 09:56:17',NULL,0,'el_chango_euro_diesel_2',27192.95,1,4),
(6,'2020-03-20 09:56:18',NULL,0,'independencia_nafta_super_1',42067.65,2,1),
(7,'2020-03-20 09:56:18',NULL,0,'independencia_nafta_super_2',79551.55,2,1),
(8,'2020-03-20 09:56:18',NULL,0,'independencia_nafta_premium_1',55470.28,2,2),
(9,'2020-03-20 09:56:18',NULL,0,'independencia_diesel_1',91781.69,2,3),
(10,'2020-03-20 09:56:18',NULL,0,'independencia_diesel_2',28067.24,2,3),
(11,'2020-03-20 09:56:18',NULL,0,'independencia_euro_diesel_1',76838.54,2,4),
(12,'2020-03-20 09:56:18',NULL,0,'independencia_euro_diesel_2',8996.88,2,4);

/*Data for the table `image` */

insert  into `image`(`id`,`created`,`updated`,`deleted`,`document_id`) values 
(1,'2020-03-20 09:56:13',NULL,0,1),
(2,'2020-03-20 09:56:13',NULL,0,2),
(3,'2020-03-20 09:56:13',NULL,0,3),
(4,'2020-03-20 09:56:13',NULL,0,4),
(5,'2020-03-20 09:56:13',NULL,0,5),
(6,'2020-03-20 09:56:13',NULL,0,6),
(7,'2020-03-20 09:56:14',NULL,0,7),
(8,'2020-03-20 09:56:14',NULL,0,8),
(9,'2020-03-20 09:56:14',NULL,0,9),
(10,'2020-03-20 09:56:14',NULL,0,10),
(11,'2020-03-20 09:56:14',NULL,0,11),
(12,'2020-03-20 09:56:14',NULL,0,12),
(13,'2020-03-20 09:56:14',NULL,0,13),
(14,'2020-03-20 09:56:14',NULL,0,14),
(15,'2020-03-20 09:56:15',NULL,0,15),
(16,'2020-03-20 09:56:15',NULL,0,16),
(17,'2020-03-20 09:56:15',NULL,0,17),
(18,'2020-03-20 09:56:15',NULL,0,18),
(19,'2020-03-20 09:56:15',NULL,0,19),
(20,'2020-03-20 09:56:15',NULL,0,20);

/*Data for the table `investment` */

insert  into `investment`(`id`,`created`,`updated`,`deleted`,`movement_type`,`ammount`,`stamp`,`investment_type_id`,`quote_id`) values 
(1,'2020-03-20 09:57:21',NULL,0,'purchase',3000,'2020-03-20 09:57:21',1,1),
(2,'2020-03-20 09:57:21',NULL,0,'purchase',12,'2020-03-20 09:57:21',2,2);

/*Data for the table `investment_type` */

insert  into `investment_type`(`id`,`created`,`updated`,`deleted`,`name`) values 
(1,'2020-03-20 09:57:21',NULL,0,'Dolar'),
(2,'2020-03-20 09:57:21',NULL,0,'Barril de Petroleo');

/*Data for the table `notification` */

insert  into `notification`(`id`,`created`,`updated`,`deleted`,`title`,`text`) values 
(1,'2020-03-20 09:57:21',NULL,0,'Viernes de Descuento','Todos los viernes de Marzo 30% de descuento en Nafta Super. Aprovechalo!');

/*Data for the table `operation` */

/*Data for the table `operation_type` */

/*Data for the table `parameter` */

insert  into `parameter`(`name`,`string_value`,`text_value`,`number_value`,`date_value`) values 
('exchange_grace_period',NULL,NULL,10,NULL),
('grace_period',NULL,NULL,15,NULL);

/*Data for the table `pump` */

insert  into `pump`(`id`,`created`,`updated`,`deleted`,`external_id`,`gas_station_id`) values 
(1,'2020-03-20 09:56:17',NULL,0,'2|A',1),
(2,'2020-03-20 09:56:17',NULL,0,'2|B',1),
(3,'2020-03-20 09:56:17',NULL,0,'3|A',1),
(4,'2020-03-20 09:56:17',NULL,0,'3|B',1),
(5,'2020-03-20 09:56:17',NULL,0,'4|A',1),
(6,'2020-03-20 09:56:17',NULL,0,'4|B',1),
(7,'2020-03-20 09:56:17',NULL,0,'5|A',1),
(8,'2020-03-20 09:56:17',NULL,0,'5|B',1),
(9,'2020-03-20 09:56:17',NULL,0,'6|A',1),
(10,'2020-03-20 09:56:17',NULL,0,'6|B',1),
(11,'2020-03-20 09:56:17',NULL,0,'7|A',1),
(12,'2020-03-20 09:56:17',NULL,0,'7|B',1),
(13,'2020-03-20 09:56:17',NULL,0,'8|A',1),
(14,'2020-03-20 09:56:17',NULL,0,'8|B',1),
(15,'2020-03-20 09:56:18',NULL,0,'2|A',2),
(16,'2020-03-20 09:56:18',NULL,0,'2|B',2),
(17,'2020-03-20 09:56:18',NULL,0,'3|A',2),
(18,'2020-03-20 09:56:18',NULL,0,'3|B',2),
(19,'2020-03-20 09:56:18',NULL,0,'4|A',2),
(20,'2020-03-20 09:56:18',NULL,0,'4|B',2),
(21,'2020-03-20 09:56:18',NULL,0,'5|A',2),
(22,'2020-03-20 09:56:18',NULL,0,'5|B',2),
(23,'2020-03-20 09:56:18',NULL,0,'6|A',2),
(24,'2020-03-20 09:56:18',NULL,0,'6|B',2),
(25,'2020-03-20 09:56:18',NULL,0,'7|A',2),
(26,'2020-03-20 09:56:18',NULL,0,'7|B',2),
(27,'2020-03-20 09:56:18',NULL,0,'8|A',2),
(28,'2020-03-20 09:56:18',NULL,0,'8|B',2);

/*Data for the table `purchase` */

insert  into `purchase`(`id`,`created`,`updated`,`deleted`,`stamp`,`litres`,`status`,`payment_method`,`preference_id`,`preference_url`,`mp_payment_id`,`mp_payment_method_id`,`mp_payment_type_id`,`mp_status`,`mp_status_detail`,`mp_operation_type`,`mp_payment_data`,`mp_charged_back_payment_data`,`mp_transaction_amount`,`mp_net_received_amount`,`mp_fee_amount`,`wallet_id`,`fuel_price_id`,`authorization_id`,`gas_station_id`) values 
(1,'2020-03-20 09:56:21',NULL,0,'2019-09-29 21:25:47',80,'completed','mercadopago','somePreferenceId','',NULL,NULL,NULL,NULL,NULL,NULL,NULL,NULL,NULL,NULL,NULL,1,1,NULL,NULL),
(2,'2020-03-20 09:56:21',NULL,0,'2019-05-04 09:05:32',187,'completed','mercadopago','somePreferenceId','',NULL,NULL,NULL,NULL,NULL,NULL,NULL,NULL,NULL,NULL,NULL,1,1,NULL,NULL),
(3,'2020-03-20 09:56:21',NULL,0,'2019-07-17 03:24:52',122,'completed','mercadopago','somePreferenceId','',NULL,NULL,NULL,NULL,NULL,NULL,NULL,NULL,NULL,NULL,NULL,1,1,NULL,NULL),
(4,'2020-03-20 09:56:21',NULL,0,'2020-01-13 17:16:01',162,'completed','mercadopago','somePreferenceId','',NULL,NULL,NULL,NULL,NULL,NULL,NULL,NULL,NULL,NULL,NULL,1,1,NULL,NULL),
(5,'2020-03-20 09:56:21',NULL,0,'2019-12-15 15:07:18',7,'completed','mercadopago','somePreferenceId','',NULL,NULL,NULL,NULL,NULL,NULL,NULL,NULL,NULL,NULL,NULL,1,1,NULL,NULL),
(6,'2020-03-20 09:56:21',NULL,0,'2019-09-15 12:41:17',95,'completed','mercadopago','somePreferenceId','',NULL,NULL,NULL,NULL,NULL,NULL,NULL,NULL,NULL,NULL,NULL,1,1,NULL,NULL),
(7,'2020-03-20 09:56:21',NULL,0,'2019-04-17 23:48:00',54,'completed','mercadopago','somePreferenceId','',NULL,NULL,NULL,NULL,NULL,NULL,NULL,NULL,NULL,NULL,NULL,1,1,NULL,NULL),
(8,'2020-03-20 09:56:21',NULL,0,'2019-05-05 02:52:02',17,'completed','mercadopago','somePreferenceId','',NULL,NULL,NULL,NULL,NULL,NULL,NULL,NULL,NULL,NULL,NULL,1,1,NULL,NULL),
(9,'2020-03-20 09:56:22',NULL,0,'2019-06-08 06:36:12',6,'completed','mercadopago','somePreferenceId','',NULL,NULL,NULL,NULL,NULL,NULL,NULL,NULL,NULL,NULL,NULL,1,1,NULL,NULL),
(10,'2020-03-20 09:56:22',NULL,0,'2019-03-22 18:48:25',90,'completed','mercadopago','somePreferenceId','',NULL,NULL,NULL,NULL,NULL,NULL,NULL,NULL,NULL,NULL,NULL,2,2,NULL,NULL),
(11,'2020-03-20 09:56:22',NULL,0,'2019-05-20 21:01:54',83,'completed','mercadopago','somePreferenceId','',NULL,NULL,NULL,NULL,NULL,NULL,NULL,NULL,NULL,NULL,NULL,2,2,NULL,NULL),
(12,'2020-03-20 09:56:22',NULL,0,'2019-07-18 11:25:56',95,'completed','mercadopago','somePreferenceId','',NULL,NULL,NULL,NULL,NULL,NULL,NULL,NULL,NULL,NULL,NULL,2,2,NULL,NULL),
(13,'2020-03-20 09:56:22',NULL,0,'2019-10-04 18:22:39',112,'completed','mercadopago','somePreferenceId','',NULL,NULL,NULL,NULL,NULL,NULL,NULL,NULL,NULL,NULL,NULL,2,2,NULL,NULL),
(14,'2020-03-20 09:56:22',NULL,0,'2019-12-11 10:24:36',75,'completed','mercadopago','somePreferenceId','',NULL,NULL,NULL,NULL,NULL,NULL,NULL,NULL,NULL,NULL,NULL,2,2,NULL,NULL),
(15,'2020-03-20 09:56:22',NULL,0,'2019-08-25 00:40:28',64,'completed','mercadopago','somePreferenceId','',NULL,NULL,NULL,NULL,NULL,NULL,NULL,NULL,NULL,NULL,NULL,2,2,NULL,NULL),
(16,'2020-03-20 09:56:22',NULL,0,'2019-06-26 12:07:28',59,'completed','mercadopago','somePreferenceId','',NULL,NULL,NULL,NULL,NULL,NULL,NULL,NULL,NULL,NULL,NULL,2,2,NULL,NULL),
(17,'2020-03-20 09:56:22',NULL,0,'2019-04-01 10:47:30',106,'completed','mercadopago','somePreferenceId','',NULL,NULL,NULL,NULL,NULL,NULL,NULL,NULL,NULL,NULL,NULL,3,3,NULL,NULL),
(18,'2020-03-20 09:56:22',NULL,0,'2020-02-14 10:57:59',27,'completed','mercadopago','somePreferenceId','',NULL,NULL,NULL,NULL,NULL,NULL,NULL,NULL,NULL,NULL,NULL,3,3,NULL,NULL),
(19,'2020-03-20 09:56:22',NULL,0,'2019-04-26 20:03:31',134,'completed','mercadopago','somePreferenceId','',NULL,NULL,NULL,NULL,NULL,NULL,NULL,NULL,NULL,NULL,NULL,3,3,NULL,NULL),
(20,'2020-03-20 09:56:22',NULL,0,'2020-03-13 14:33:52',13,'completed','mercadopago','somePreferenceId','',NULL,NULL,NULL,NULL,NULL,NULL,NULL,NULL,NULL,NULL,NULL,3,3,NULL,NULL),
(21,'2020-03-20 09:56:22',NULL,0,'2019-09-16 01:31:26',58,'completed','mercadopago','somePreferenceId','',NULL,NULL,NULL,NULL,NULL,NULL,NULL,NULL,NULL,NULL,NULL,3,3,NULL,NULL),
(22,'2020-03-20 09:56:22',NULL,0,'2019-03-21 04:36:31',169,'completed','mercadopago','somePreferenceId','',NULL,NULL,NULL,NULL,NULL,NULL,NULL,NULL,NULL,NULL,NULL,3,3,NULL,NULL),
(23,'2020-03-20 09:56:23',NULL,0,'2019-05-18 08:50:49',102,'completed','mercadopago','somePreferenceId','',NULL,NULL,NULL,NULL,NULL,NULL,NULL,NULL,NULL,NULL,NULL,3,3,NULL,NULL),
(24,'2020-03-20 09:56:23',NULL,0,'2020-01-21 21:30:12',198,'completed','mercadopago','somePreferenceId','',NULL,NULL,NULL,NULL,NULL,NULL,NULL,NULL,NULL,NULL,NULL,4,4,NULL,NULL),
(25,'2020-03-20 09:56:23',NULL,0,'2019-05-31 22:46:31',47,'completed','mercadopago','somePreferenceId','',NULL,NULL,NULL,NULL,NULL,NULL,NULL,NULL,NULL,NULL,NULL,4,4,NULL,NULL),
(26,'2020-03-20 09:56:23',NULL,0,'2019-10-23 11:34:59',139,'completed','mercadopago','somePreferenceId','',NULL,NULL,NULL,NULL,NULL,NULL,NULL,NULL,NULL,NULL,NULL,4,4,NULL,NULL),
(27,'2020-03-20 09:56:23',NULL,0,'2019-09-07 04:40:08',13,'completed','mercadopago','somePreferenceId','',NULL,NULL,NULL,NULL,NULL,NULL,NULL,NULL,NULL,NULL,NULL,4,4,NULL,NULL),
(28,'2020-03-20 09:56:23',NULL,0,'2020-03-02 05:44:09',89,'completed','mercadopago','somePreferenceId','',NULL,NULL,NULL,NULL,NULL,NULL,NULL,NULL,NULL,NULL,NULL,4,4,NULL,NULL),
(29,'2020-03-20 09:56:23',NULL,0,'2019-10-12 21:16:37',92,'completed','mercadopago','somePreferenceId','',NULL,NULL,NULL,NULL,NULL,NULL,NULL,NULL,NULL,NULL,NULL,4,4,NULL,NULL),
(30,'2020-03-20 09:56:23',NULL,0,'2020-02-06 14:51:29',117,'completed','mercadopago','somePreferenceId','',NULL,NULL,NULL,NULL,NULL,NULL,NULL,NULL,NULL,NULL,NULL,4,4,NULL,NULL),
(31,'2020-03-20 09:56:23',NULL,0,'2019-12-27 00:15:50',165,'completed','mercadopago','somePreferenceId','',NULL,NULL,NULL,NULL,NULL,NULL,NULL,NULL,NULL,NULL,NULL,4,4,NULL,NULL),
(32,'2020-03-20 09:56:23',NULL,0,'2019-10-15 10:26:36',96,'completed','mercadopago','somePreferenceId','',NULL,NULL,NULL,NULL,NULL,NULL,NULL,NULL,NULL,NULL,NULL,5,1,NULL,NULL),
(33,'2020-03-20 09:56:23',NULL,0,'2019-04-18 16:26:08',38,'completed','mercadopago','somePreferenceId','',NULL,NULL,NULL,NULL,NULL,NULL,NULL,NULL,NULL,NULL,NULL,5,1,NULL,NULL),
(34,'2020-03-20 09:56:23',NULL,0,'2019-07-27 04:29:26',153,'completed','mercadopago','somePreferenceId','',NULL,NULL,NULL,NULL,NULL,NULL,NULL,NULL,NULL,NULL,NULL,5,1,NULL,NULL),
(35,'2020-03-20 09:56:23',NULL,0,'2019-08-03 10:51:29',196,'completed','mercadopago','somePreferenceId','',NULL,NULL,NULL,NULL,NULL,NULL,NULL,NULL,NULL,NULL,NULL,5,1,NULL,NULL),
(36,'2020-03-20 09:56:23',NULL,0,'2019-05-19 17:40:10',146,'completed','mercadopago','somePreferenceId','',NULL,NULL,NULL,NULL,NULL,NULL,NULL,NULL,NULL,NULL,NULL,5,1,NULL,NULL),
(37,'2020-03-20 09:56:24',NULL,0,'2019-08-28 05:01:56',95,'completed','mercadopago','somePreferenceId','',NULL,NULL,NULL,NULL,NULL,NULL,NULL,NULL,NULL,NULL,NULL,5,1,NULL,NULL),
(38,'2020-03-20 09:56:24',NULL,0,'2020-01-08 10:21:30',127,'completed','mercadopago','somePreferenceId','',NULL,NULL,NULL,NULL,NULL,NULL,NULL,NULL,NULL,NULL,NULL,5,1,NULL,NULL),
(39,'2020-03-20 09:56:24',NULL,0,'2019-08-15 07:06:48',173,'completed','mercadopago','somePreferenceId','',NULL,NULL,NULL,NULL,NULL,NULL,NULL,NULL,NULL,NULL,NULL,5,1,NULL,NULL),
(40,'2020-03-20 09:56:24',NULL,0,'2020-02-14 02:43:25',9,'completed','mercadopago','somePreferenceId','',NULL,NULL,NULL,NULL,NULL,NULL,NULL,NULL,NULL,NULL,NULL,6,2,NULL,NULL),
(41,'2020-03-20 09:56:24',NULL,0,'2020-01-02 00:29:08',151,'completed','mercadopago','somePreferenceId','',NULL,NULL,NULL,NULL,NULL,NULL,NULL,NULL,NULL,NULL,NULL,6,2,NULL,NULL),
(42,'2020-03-20 09:56:24',NULL,0,'2019-12-17 20:32:40',99,'completed','mercadopago','somePreferenceId','',NULL,NULL,NULL,NULL,NULL,NULL,NULL,NULL,NULL,NULL,NULL,6,2,NULL,NULL),
(43,'2020-03-20 09:56:24',NULL,0,'2019-05-11 05:33:58',188,'completed','mercadopago','somePreferenceId','',NULL,NULL,NULL,NULL,NULL,NULL,NULL,NULL,NULL,NULL,NULL,6,2,NULL,NULL),
(44,'2020-03-20 09:56:24',NULL,0,'2019-04-26 19:07:49',184,'completed','mercadopago','somePreferenceId','',NULL,NULL,NULL,NULL,NULL,NULL,NULL,NULL,NULL,NULL,NULL,6,2,NULL,NULL),
(45,'2020-03-20 09:56:24',NULL,0,'2019-03-30 22:57:33',48,'completed','mercadopago','somePreferenceId','',NULL,NULL,NULL,NULL,NULL,NULL,NULL,NULL,NULL,NULL,NULL,6,2,NULL,NULL),
(46,'2020-03-20 09:56:24',NULL,0,'2019-11-13 21:00:37',113,'completed','mercadopago','somePreferenceId','',NULL,NULL,NULL,NULL,NULL,NULL,NULL,NULL,NULL,NULL,NULL,6,2,NULL,NULL),
(47,'2020-03-20 09:56:24',NULL,0,'2019-06-12 02:25:23',30,'completed','mercadopago','somePreferenceId','',NULL,NULL,NULL,NULL,NULL,NULL,NULL,NULL,NULL,NULL,NULL,6,2,NULL,NULL),
(48,'2020-03-20 09:56:24',NULL,0,'2019-07-18 21:01:29',131,'completed','mercadopago','somePreferenceId','',NULL,NULL,NULL,NULL,NULL,NULL,NULL,NULL,NULL,NULL,NULL,7,3,NULL,NULL),
(49,'2020-03-20 09:56:24',NULL,0,'2019-04-11 22:03:36',122,'completed','mercadopago','somePreferenceId','',NULL,NULL,NULL,NULL,NULL,NULL,NULL,NULL,NULL,NULL,NULL,7,3,NULL,NULL),
(50,'2020-03-20 09:56:25',NULL,0,'2019-06-19 10:54:25',154,'completed','mercadopago','somePreferenceId','',NULL,NULL,NULL,NULL,NULL,NULL,NULL,NULL,NULL,NULL,NULL,7,3,NULL,NULL),
(51,'2020-03-20 09:56:25',NULL,0,'2019-12-30 17:37:00',157,'completed','mercadopago','somePreferenceId','',NULL,NULL,NULL,NULL,NULL,NULL,NULL,NULL,NULL,NULL,NULL,8,4,NULL,NULL),
(52,'2020-03-20 09:56:25',NULL,0,'2019-09-14 23:45:34',83,'completed','mercadopago','somePreferenceId','',NULL,NULL,NULL,NULL,NULL,NULL,NULL,NULL,NULL,NULL,NULL,8,4,NULL,NULL),
(53,'2020-03-20 09:56:25',NULL,0,'2019-05-30 12:23:35',98,'completed','mercadopago','somePreferenceId','',NULL,NULL,NULL,NULL,NULL,NULL,NULL,NULL,NULL,NULL,NULL,8,4,NULL,NULL),
(54,'2020-03-20 09:56:25',NULL,0,'2019-09-23 11:27:21',61,'completed','mercadopago','somePreferenceId','',NULL,NULL,NULL,NULL,NULL,NULL,NULL,NULL,NULL,NULL,NULL,8,4,NULL,NULL),
(55,'2020-03-20 09:56:25',NULL,0,'2019-05-17 05:46:58',127,'completed','mercadopago','somePreferenceId','',NULL,NULL,NULL,NULL,NULL,NULL,NULL,NULL,NULL,NULL,NULL,8,4,NULL,NULL),
(56,'2020-03-20 09:56:25',NULL,0,'2019-12-31 08:15:16',56,'completed','mercadopago','somePreferenceId','',NULL,NULL,NULL,NULL,NULL,NULL,NULL,NULL,NULL,NULL,NULL,8,4,NULL,NULL),
(57,'2020-03-20 09:56:25',NULL,0,'2019-06-29 19:05:02',168,'completed','mercadopago','somePreferenceId','',NULL,NULL,NULL,NULL,NULL,NULL,NULL,NULL,NULL,NULL,NULL,8,4,NULL,NULL),
(58,'2020-03-20 09:56:25',NULL,0,'2019-09-07 14:33:08',152,'completed','mercadopago','somePreferenceId','',NULL,NULL,NULL,NULL,NULL,NULL,NULL,NULL,NULL,NULL,NULL,8,4,NULL,NULL),
(59,'2020-03-20 09:56:25',NULL,0,'2019-07-09 05:23:22',155,'completed','mercadopago','somePreferenceId','',NULL,NULL,NULL,NULL,NULL,NULL,NULL,NULL,NULL,NULL,NULL,8,4,NULL,NULL),
(60,'2020-03-20 09:56:25',NULL,0,'2019-11-20 11:25:03',70,'completed','mercadopago','somePreferenceId','',NULL,NULL,NULL,NULL,NULL,NULL,NULL,NULL,NULL,NULL,NULL,9,1,NULL,NULL),
(61,'2020-03-20 09:56:25',NULL,0,'2019-07-09 22:31:50',93,'completed','mercadopago','somePreferenceId','',NULL,NULL,NULL,NULL,NULL,NULL,NULL,NULL,NULL,NULL,NULL,9,1,NULL,NULL),
(62,'2020-03-20 09:56:25',NULL,0,'2019-04-09 00:10:25',8,'completed','mercadopago','somePreferenceId','',NULL,NULL,NULL,NULL,NULL,NULL,NULL,NULL,NULL,NULL,NULL,9,1,NULL,NULL),
(63,'2020-03-20 09:56:25',NULL,0,'2019-09-23 22:48:38',146,'completed','mercadopago','somePreferenceId','',NULL,NULL,NULL,NULL,NULL,NULL,NULL,NULL,NULL,NULL,NULL,9,1,NULL,NULL),
(64,'2020-03-20 09:56:26',NULL,0,'2020-02-11 13:49:44',83,'completed','mercadopago','somePreferenceId','',NULL,NULL,NULL,NULL,NULL,NULL,NULL,NULL,NULL,NULL,NULL,9,1,NULL,NULL),
(65,'2020-03-20 09:56:26',NULL,0,'2019-10-21 07:46:51',148,'completed','mercadopago','somePreferenceId','',NULL,NULL,NULL,NULL,NULL,NULL,NULL,NULL,NULL,NULL,NULL,9,1,NULL,NULL),
(66,'2020-03-20 09:56:26',NULL,0,'2019-12-11 20:26:57',48,'completed','mercadopago','somePreferenceId','',NULL,NULL,NULL,NULL,NULL,NULL,NULL,NULL,NULL,NULL,NULL,9,1,NULL,NULL),
(67,'2020-03-20 09:56:26',NULL,0,'2019-08-31 14:10:29',53,'completed','mercadopago','somePreferenceId','',NULL,NULL,NULL,NULL,NULL,NULL,NULL,NULL,NULL,NULL,NULL,9,1,NULL,NULL),
(68,'2020-03-20 09:56:26',NULL,0,'2019-08-29 11:02:32',103,'completed','mercadopago','somePreferenceId','',NULL,NULL,NULL,NULL,NULL,NULL,NULL,NULL,NULL,NULL,NULL,9,1,NULL,NULL),
(69,'2020-03-20 09:56:26',NULL,0,'2019-11-14 16:45:52',189,'completed','mercadopago','somePreferenceId','',NULL,NULL,NULL,NULL,NULL,NULL,NULL,NULL,NULL,NULL,NULL,10,2,NULL,NULL),
(70,'2020-03-20 09:56:26',NULL,0,'2019-06-25 13:02:07',69,'completed','mercadopago','somePreferenceId','',NULL,NULL,NULL,NULL,NULL,NULL,NULL,NULL,NULL,NULL,NULL,10,2,NULL,NULL),
(71,'2020-03-20 09:56:26',NULL,0,'2019-04-13 07:50:57',151,'completed','mercadopago','somePreferenceId','',NULL,NULL,NULL,NULL,NULL,NULL,NULL,NULL,NULL,NULL,NULL,10,2,NULL,NULL),
(72,'2020-03-20 09:56:26',NULL,0,'2020-03-15 05:17:48',42,'completed','mercadopago','somePreferenceId','',NULL,NULL,NULL,NULL,NULL,NULL,NULL,NULL,NULL,NULL,NULL,10,2,NULL,NULL),
(73,'2020-03-20 09:56:26',NULL,0,'2019-10-29 01:29:49',190,'completed','mercadopago','somePreferenceId','',NULL,NULL,NULL,NULL,NULL,NULL,NULL,NULL,NULL,NULL,NULL,10,2,NULL,NULL),
(74,'2020-03-20 09:56:26',NULL,0,'2019-07-11 15:43:08',101,'completed','mercadopago','somePreferenceId','',NULL,NULL,NULL,NULL,NULL,NULL,NULL,NULL,NULL,NULL,NULL,10,2,NULL,NULL),
(75,'2020-03-20 09:56:26',NULL,0,'2020-01-16 22:21:55',1,'completed','mercadopago','somePreferenceId','',NULL,NULL,NULL,NULL,NULL,NULL,NULL,NULL,NULL,NULL,NULL,10,2,NULL,NULL),
(76,'2020-03-20 09:56:26',NULL,0,'2019-09-03 07:06:13',104,'completed','mercadopago','somePreferenceId','',NULL,NULL,NULL,NULL,NULL,NULL,NULL,NULL,NULL,NULL,NULL,10,2,NULL,NULL),
(77,'2020-03-20 09:56:26',NULL,0,'2019-07-05 10:54:54',137,'completed','mercadopago','somePreferenceId','',NULL,NULL,NULL,NULL,NULL,NULL,NULL,NULL,NULL,NULL,NULL,11,3,NULL,NULL),
(78,'2020-03-20 09:56:27',NULL,0,'2019-08-23 15:34:15',150,'completed','mercadopago','somePreferenceId','',NULL,NULL,NULL,NULL,NULL,NULL,NULL,NULL,NULL,NULL,NULL,11,3,NULL,NULL),
(79,'2020-03-20 09:56:27',NULL,0,'2019-12-21 10:52:17',86,'completed','mercadopago','somePreferenceId','',NULL,NULL,NULL,NULL,NULL,NULL,NULL,NULL,NULL,NULL,NULL,12,4,NULL,NULL),
(80,'2020-03-20 09:56:27',NULL,0,'2019-04-19 17:00:26',7,'completed','mercadopago','somePreferenceId','',NULL,NULL,NULL,NULL,NULL,NULL,NULL,NULL,NULL,NULL,NULL,12,4,NULL,NULL),
(81,'2020-03-20 09:56:27',NULL,0,'2019-09-02 02:23:27',45,'completed','mercadopago','somePreferenceId','',NULL,NULL,NULL,NULL,NULL,NULL,NULL,NULL,NULL,NULL,NULL,12,4,NULL,NULL),
(82,'2020-03-20 09:56:27',NULL,0,'2019-12-18 14:12:56',80,'completed','mercadopago','somePreferenceId','',NULL,NULL,NULL,NULL,NULL,NULL,NULL,NULL,NULL,NULL,NULL,12,4,NULL,NULL),
(83,'2020-03-20 09:56:27',NULL,0,'2019-12-13 14:56:29',127,'completed','mercadopago','somePreferenceId','',NULL,NULL,NULL,NULL,NULL,NULL,NULL,NULL,NULL,NULL,NULL,13,1,NULL,NULL),
(84,'2020-03-20 09:56:27',NULL,0,'2019-08-26 22:28:51',24,'completed','mercadopago','somePreferenceId','',NULL,NULL,NULL,NULL,NULL,NULL,NULL,NULL,NULL,NULL,NULL,13,1,NULL,NULL),
(85,'2020-03-20 09:56:27',NULL,0,'2020-01-07 07:18:11',82,'completed','mercadopago','somePreferenceId','',NULL,NULL,NULL,NULL,NULL,NULL,NULL,NULL,NULL,NULL,NULL,13,1,NULL,NULL),
(86,'2020-03-20 09:56:27',NULL,0,'2019-06-28 14:46:23',27,'completed','mercadopago','somePreferenceId','',NULL,NULL,NULL,NULL,NULL,NULL,NULL,NULL,NULL,NULL,NULL,13,1,NULL,NULL),
(87,'2020-03-20 09:56:27',NULL,0,'2020-02-10 10:18:56',194,'completed','mercadopago','somePreferenceId','',NULL,NULL,NULL,NULL,NULL,NULL,NULL,NULL,NULL,NULL,NULL,14,2,NULL,NULL),
(88,'2020-03-20 09:56:27',NULL,0,'2019-05-29 07:43:02',73,'completed','mercadopago','somePreferenceId','',NULL,NULL,NULL,NULL,NULL,NULL,NULL,NULL,NULL,NULL,NULL,14,2,NULL,NULL),
(89,'2020-03-20 09:56:27',NULL,0,'2020-01-15 22:13:13',90,'completed','mercadopago','somePreferenceId','',NULL,NULL,NULL,NULL,NULL,NULL,NULL,NULL,NULL,NULL,NULL,15,3,NULL,NULL),
(90,'2020-03-20 09:56:27',NULL,0,'2019-08-15 01:06:43',23,'completed','mercadopago','somePreferenceId','',NULL,NULL,NULL,NULL,NULL,NULL,NULL,NULL,NULL,NULL,NULL,15,3,NULL,NULL),
(91,'2020-03-20 09:56:27',NULL,0,'2019-03-30 17:27:27',116,'completed','mercadopago','somePreferenceId','',NULL,NULL,NULL,NULL,NULL,NULL,NULL,NULL,NULL,NULL,NULL,16,4,NULL,NULL),
(92,'2020-03-20 09:56:28',NULL,0,'2019-09-02 07:15:28',155,'completed','mercadopago','somePreferenceId','',NULL,NULL,NULL,NULL,NULL,NULL,NULL,NULL,NULL,NULL,NULL,16,4,NULL,NULL),
(93,'2020-03-20 09:56:28',NULL,0,'2019-08-12 00:09:10',50,'completed','mercadopago','somePreferenceId','',NULL,NULL,NULL,NULL,NULL,NULL,NULL,NULL,NULL,NULL,NULL,16,4,NULL,NULL),
(94,'2020-03-20 09:56:28',NULL,0,'2019-06-25 19:12:11',160,'completed','mercadopago','somePreferenceId','',NULL,NULL,NULL,NULL,NULL,NULL,NULL,NULL,NULL,NULL,NULL,16,4,NULL,NULL),
(95,'2020-03-20 09:56:28',NULL,0,'2019-06-02 16:23:45',21,'completed','mercadopago','somePreferenceId','',NULL,NULL,NULL,NULL,NULL,NULL,NULL,NULL,NULL,NULL,NULL,16,4,NULL,NULL),
(96,'2020-03-20 09:56:28',NULL,0,'2019-12-30 14:15:08',52,'completed','mercadopago','somePreferenceId','',NULL,NULL,NULL,NULL,NULL,NULL,NULL,NULL,NULL,NULL,NULL,16,4,NULL,NULL),
(97,'2020-03-20 09:56:28',NULL,0,'2019-07-05 17:06:10',127,'completed','mercadopago','somePreferenceId','',NULL,NULL,NULL,NULL,NULL,NULL,NULL,NULL,NULL,NULL,NULL,16,4,NULL,NULL),
(98,'2020-03-20 09:56:28',NULL,0,'2020-03-04 19:29:49',60,'completed','mercadopago','somePreferenceId','',NULL,NULL,NULL,NULL,NULL,NULL,NULL,NULL,NULL,NULL,NULL,17,1,NULL,NULL),
(99,'2020-03-20 09:56:28',NULL,0,'2020-03-12 22:50:32',2,'completed','mercadopago','somePreferenceId','',NULL,NULL,NULL,NULL,NULL,NULL,NULL,NULL,NULL,NULL,NULL,17,1,NULL,NULL),
(100,'2020-03-20 09:56:28',NULL,0,'2019-07-07 00:26:07',186,'completed','mercadopago','somePreferenceId','',NULL,NULL,NULL,NULL,NULL,NULL,NULL,NULL,NULL,NULL,NULL,17,1,NULL,NULL),
(101,'2020-03-20 09:56:28',NULL,0,'2019-09-28 11:03:39',70,'completed','mercadopago','somePreferenceId','',NULL,NULL,NULL,NULL,NULL,NULL,NULL,NULL,NULL,NULL,NULL,17,1,NULL,NULL),
(102,'2020-03-20 09:56:28',NULL,0,'2019-04-16 21:29:38',60,'completed','mercadopago','somePreferenceId','',NULL,NULL,NULL,NULL,NULL,NULL,NULL,NULL,NULL,NULL,NULL,17,1,NULL,NULL),
(103,'2020-03-20 09:56:28',NULL,0,'2020-02-18 06:34:11',118,'completed','mercadopago','somePreferenceId','',NULL,NULL,NULL,NULL,NULL,NULL,NULL,NULL,NULL,NULL,NULL,17,1,NULL,NULL),
(104,'2020-03-20 09:56:28',NULL,0,'2020-01-01 04:42:43',196,'completed','mercadopago','somePreferenceId','',NULL,NULL,NULL,NULL,NULL,NULL,NULL,NULL,NULL,NULL,NULL,17,1,NULL,NULL),
(105,'2020-03-20 09:56:29',NULL,0,'2019-04-04 16:52:42',12,'completed','mercadopago','somePreferenceId','',NULL,NULL,NULL,NULL,NULL,NULL,NULL,NULL,NULL,NULL,NULL,17,1,NULL,NULL),
(106,'2020-03-20 09:56:29',NULL,0,'2019-10-25 20:01:13',129,'completed','mercadopago','somePreferenceId','',NULL,NULL,NULL,NULL,NULL,NULL,NULL,NULL,NULL,NULL,NULL,18,2,NULL,NULL),
(107,'2020-03-20 09:56:29',NULL,0,'2020-02-18 05:46:37',191,'completed','mercadopago','somePreferenceId','',NULL,NULL,NULL,NULL,NULL,NULL,NULL,NULL,NULL,NULL,NULL,18,2,NULL,NULL),
(108,'2020-03-20 09:56:29',NULL,0,'2019-10-25 03:21:57',4,'completed','mercadopago','somePreferenceId','',NULL,NULL,NULL,NULL,NULL,NULL,NULL,NULL,NULL,NULL,NULL,18,2,NULL,NULL),
(109,'2020-03-20 09:56:29',NULL,0,'2019-06-05 06:39:09',112,'completed','mercadopago','somePreferenceId','',NULL,NULL,NULL,NULL,NULL,NULL,NULL,NULL,NULL,NULL,NULL,18,2,NULL,NULL),
(110,'2020-03-20 09:56:29',NULL,0,'2019-10-21 05:25:00',4,'completed','mercadopago','somePreferenceId','',NULL,NULL,NULL,NULL,NULL,NULL,NULL,NULL,NULL,NULL,NULL,18,2,NULL,NULL),
(111,'2020-03-20 09:56:29',NULL,0,'2019-06-25 13:29:23',137,'completed','mercadopago','somePreferenceId','',NULL,NULL,NULL,NULL,NULL,NULL,NULL,NULL,NULL,NULL,NULL,18,2,NULL,NULL),
(112,'2020-03-20 09:56:29',NULL,0,'2019-06-18 23:37:28',7,'completed','mercadopago','somePreferenceId','',NULL,NULL,NULL,NULL,NULL,NULL,NULL,NULL,NULL,NULL,NULL,18,2,NULL,NULL),
(113,'2020-03-20 09:56:29',NULL,0,'2019-11-06 18:59:16',156,'completed','mercadopago','somePreferenceId','',NULL,NULL,NULL,NULL,NULL,NULL,NULL,NULL,NULL,NULL,NULL,18,2,NULL,NULL),
(114,'2020-03-20 09:56:29',NULL,0,'2019-09-29 06:32:11',42,'completed','mercadopago','somePreferenceId','',NULL,NULL,NULL,NULL,NULL,NULL,NULL,NULL,NULL,NULL,NULL,19,3,NULL,NULL),
(115,'2020-03-20 09:56:29',NULL,0,'2019-06-23 06:45:20',170,'completed','mercadopago','somePreferenceId','',NULL,NULL,NULL,NULL,NULL,NULL,NULL,NULL,NULL,NULL,NULL,19,3,NULL,NULL),
(116,'2020-03-20 09:56:29',NULL,0,'2020-02-04 06:45:24',101,'completed','mercadopago','somePreferenceId','',NULL,NULL,NULL,NULL,NULL,NULL,NULL,NULL,NULL,NULL,NULL,19,3,NULL,NULL),
(117,'2020-03-20 09:56:29',NULL,0,'2019-05-07 21:47:10',33,'completed','mercadopago','somePreferenceId','',NULL,NULL,NULL,NULL,NULL,NULL,NULL,NULL,NULL,NULL,NULL,19,3,NULL,NULL),
(118,'2020-03-20 09:56:29',NULL,0,'2019-08-01 14:58:51',21,'completed','mercadopago','somePreferenceId','',NULL,NULL,NULL,NULL,NULL,NULL,NULL,NULL,NULL,NULL,NULL,19,3,NULL,NULL),
(119,'2020-03-20 09:56:30',NULL,0,'2019-07-25 15:16:25',190,'completed','mercadopago','somePreferenceId','',NULL,NULL,NULL,NULL,NULL,NULL,NULL,NULL,NULL,NULL,NULL,19,3,NULL,NULL),
(120,'2020-03-20 09:56:30',NULL,0,'2020-03-14 17:53:03',178,'completed','mercadopago','somePreferenceId','',NULL,NULL,NULL,NULL,NULL,NULL,NULL,NULL,NULL,NULL,NULL,20,4,NULL,NULL),
(121,'2020-03-20 09:56:30',NULL,0,'2019-04-21 14:18:47',12,'completed','mercadopago','somePreferenceId','',NULL,NULL,NULL,NULL,NULL,NULL,NULL,NULL,NULL,NULL,NULL,20,4,NULL,NULL),
(122,'2020-03-20 09:56:30',NULL,0,'2019-09-09 23:13:14',126,'completed','mercadopago','somePreferenceId','',NULL,NULL,NULL,NULL,NULL,NULL,NULL,NULL,NULL,NULL,NULL,20,4,NULL,NULL),
(123,'2020-03-20 09:56:30',NULL,0,'2020-02-04 13:41:34',49,'completed','mercadopago','somePreferenceId','',NULL,NULL,NULL,NULL,NULL,NULL,NULL,NULL,NULL,NULL,NULL,21,1,NULL,NULL),
(124,'2020-03-20 09:56:30',NULL,0,'2019-05-31 11:56:56',3,'completed','mercadopago','somePreferenceId','',NULL,NULL,NULL,NULL,NULL,NULL,NULL,NULL,NULL,NULL,NULL,21,1,NULL,NULL),
(125,'2020-03-20 09:56:30',NULL,0,'2019-06-21 13:46:07',66,'completed','mercadopago','somePreferenceId','',NULL,NULL,NULL,NULL,NULL,NULL,NULL,NULL,NULL,NULL,NULL,21,1,NULL,NULL),
(126,'2020-03-20 09:56:30',NULL,0,'2020-02-07 09:00:12',177,'completed','mercadopago','somePreferenceId','',NULL,NULL,NULL,NULL,NULL,NULL,NULL,NULL,NULL,NULL,NULL,21,1,NULL,NULL),
(127,'2020-03-20 09:56:30',NULL,0,'2019-09-20 00:54:23',100,'completed','mercadopago','somePreferenceId','',NULL,NULL,NULL,NULL,NULL,NULL,NULL,NULL,NULL,NULL,NULL,21,1,NULL,NULL),
(128,'2020-03-20 09:56:30',NULL,0,'2019-05-07 08:05:30',141,'completed','mercadopago','somePreferenceId','',NULL,NULL,NULL,NULL,NULL,NULL,NULL,NULL,NULL,NULL,NULL,21,1,NULL,NULL),
(129,'2020-03-20 09:56:30',NULL,0,'2019-10-24 02:01:41',172,'completed','mercadopago','somePreferenceId','',NULL,NULL,NULL,NULL,NULL,NULL,NULL,NULL,NULL,NULL,NULL,21,1,NULL,NULL),
(130,'2020-03-20 09:56:30',NULL,0,'2019-12-22 09:16:25',97,'completed','mercadopago','somePreferenceId','',NULL,NULL,NULL,NULL,NULL,NULL,NULL,NULL,NULL,NULL,NULL,21,1,NULL,NULL),
(131,'2020-03-20 09:56:30',NULL,0,'2019-05-15 19:35:21',10,'completed','mercadopago','somePreferenceId','',NULL,NULL,NULL,NULL,NULL,NULL,NULL,NULL,NULL,NULL,NULL,22,2,NULL,NULL),
(132,'2020-03-20 09:56:30',NULL,0,'2020-02-05 00:44:51',192,'completed','mercadopago','somePreferenceId','',NULL,NULL,NULL,NULL,NULL,NULL,NULL,NULL,NULL,NULL,NULL,22,2,NULL,NULL),
(133,'2020-03-20 09:56:31',NULL,0,'2019-11-18 05:31:13',53,'completed','mercadopago','somePreferenceId','',NULL,NULL,NULL,NULL,NULL,NULL,NULL,NULL,NULL,NULL,NULL,22,2,NULL,NULL),
(134,'2020-03-20 09:56:31',NULL,0,'2019-07-08 20:10:42',166,'completed','mercadopago','somePreferenceId','',NULL,NULL,NULL,NULL,NULL,NULL,NULL,NULL,NULL,NULL,NULL,22,2,NULL,NULL),
(135,'2020-03-20 09:56:31',NULL,0,'2019-07-21 20:58:04',101,'completed','mercadopago','somePreferenceId','',NULL,NULL,NULL,NULL,NULL,NULL,NULL,NULL,NULL,NULL,NULL,22,2,NULL,NULL),
(136,'2020-03-20 09:56:31',NULL,0,'2019-04-20 12:52:03',189,'completed','mercadopago','somePreferenceId','',NULL,NULL,NULL,NULL,NULL,NULL,NULL,NULL,NULL,NULL,NULL,22,2,NULL,NULL),
(137,'2020-03-20 09:56:31',NULL,0,'2019-04-26 06:19:01',2,'completed','mercadopago','somePreferenceId','',NULL,NULL,NULL,NULL,NULL,NULL,NULL,NULL,NULL,NULL,NULL,22,2,NULL,NULL),
(138,'2020-03-20 09:56:31',NULL,0,'2019-04-04 08:31:06',133,'completed','mercadopago','somePreferenceId','',NULL,NULL,NULL,NULL,NULL,NULL,NULL,NULL,NULL,NULL,NULL,23,3,NULL,NULL),
(139,'2020-03-20 09:56:31',NULL,0,'2019-08-25 12:38:59',52,'completed','mercadopago','somePreferenceId','',NULL,NULL,NULL,NULL,NULL,NULL,NULL,NULL,NULL,NULL,NULL,23,3,NULL,NULL),
(140,'2020-03-20 09:56:31',NULL,0,'2019-12-29 23:32:50',17,'completed','mercadopago','somePreferenceId','',NULL,NULL,NULL,NULL,NULL,NULL,NULL,NULL,NULL,NULL,NULL,23,3,NULL,NULL),
(141,'2020-03-20 09:56:31',NULL,0,'2019-10-07 03:51:51',90,'completed','mercadopago','somePreferenceId','',NULL,NULL,NULL,NULL,NULL,NULL,NULL,NULL,NULL,NULL,NULL,23,3,NULL,NULL),
(142,'2020-03-20 09:56:31',NULL,0,'2019-09-20 14:32:10',10,'completed','mercadopago','somePreferenceId','',NULL,NULL,NULL,NULL,NULL,NULL,NULL,NULL,NULL,NULL,NULL,23,3,NULL,NULL),
(143,'2020-03-20 09:56:31',NULL,0,'2019-11-07 09:50:28',134,'completed','mercadopago','somePreferenceId','',NULL,NULL,NULL,NULL,NULL,NULL,NULL,NULL,NULL,NULL,NULL,24,4,NULL,NULL),
(144,'2020-03-20 09:56:31',NULL,0,'2019-11-03 04:58:30',197,'completed','mercadopago','somePreferenceId','',NULL,NULL,NULL,NULL,NULL,NULL,NULL,NULL,NULL,NULL,NULL,24,4,NULL,NULL),
(145,'2020-03-20 09:56:31',NULL,0,'2019-06-16 10:21:14',107,'completed','mercadopago','somePreferenceId','',NULL,NULL,NULL,NULL,NULL,NULL,NULL,NULL,NULL,NULL,NULL,24,4,NULL,NULL),
(146,'2020-03-20 09:56:31',NULL,0,'2019-10-08 08:02:36',104,'completed','mercadopago','somePreferenceId','',NULL,NULL,NULL,NULL,NULL,NULL,NULL,NULL,NULL,NULL,NULL,24,4,NULL,NULL),
(147,'2020-03-20 09:56:32',NULL,0,'2019-11-28 00:35:10',3,'completed','mercadopago','somePreferenceId','',NULL,NULL,NULL,NULL,NULL,NULL,NULL,NULL,NULL,NULL,NULL,24,4,NULL,NULL),
(148,'2020-03-20 09:56:32',NULL,0,'2019-11-09 02:09:00',89,'completed','mercadopago','somePreferenceId','',NULL,NULL,NULL,NULL,NULL,NULL,NULL,NULL,NULL,NULL,NULL,24,4,NULL,NULL),
(149,'2020-03-20 09:56:32',NULL,0,'2019-09-26 15:17:21',67,'completed','mercadopago','somePreferenceId','',NULL,NULL,NULL,NULL,NULL,NULL,NULL,NULL,NULL,NULL,NULL,24,4,NULL,NULL),
(150,'2020-03-20 09:56:32',NULL,0,'2019-09-21 14:54:58',106,'completed','mercadopago','somePreferenceId','',NULL,NULL,NULL,NULL,NULL,NULL,NULL,NULL,NULL,NULL,NULL,24,4,NULL,NULL),
(151,'2020-03-20 09:56:32',NULL,0,'2019-08-28 22:15:30',143,'completed','mercadopago','somePreferenceId','',NULL,NULL,NULL,NULL,NULL,NULL,NULL,NULL,NULL,NULL,NULL,25,1,NULL,NULL),
(152,'2020-03-20 09:56:32',NULL,0,'2020-03-18 06:27:59',36,'completed','mercadopago','somePreferenceId','',NULL,NULL,NULL,NULL,NULL,NULL,NULL,NULL,NULL,NULL,NULL,25,1,NULL,NULL),
(153,'2020-03-20 09:56:32',NULL,0,'2019-11-13 21:17:22',156,'completed','mercadopago','somePreferenceId','',NULL,NULL,NULL,NULL,NULL,NULL,NULL,NULL,NULL,NULL,NULL,25,1,NULL,NULL),
(154,'2020-03-20 09:56:32',NULL,0,'2019-08-29 09:33:52',56,'completed','mercadopago','somePreferenceId','',NULL,NULL,NULL,NULL,NULL,NULL,NULL,NULL,NULL,NULL,NULL,25,1,NULL,NULL),
(155,'2020-03-20 09:56:32',NULL,0,'2020-01-05 20:38:23',1,'completed','mercadopago','somePreferenceId','',NULL,NULL,NULL,NULL,NULL,NULL,NULL,NULL,NULL,NULL,NULL,26,2,NULL,NULL),
(156,'2020-03-20 09:56:32',NULL,0,'2019-09-03 23:43:22',159,'completed','mercadopago','somePreferenceId','',NULL,NULL,NULL,NULL,NULL,NULL,NULL,NULL,NULL,NULL,NULL,26,2,NULL,NULL),
(157,'2020-03-20 09:56:32',NULL,0,'2019-08-12 12:31:34',133,'completed','mercadopago','somePreferenceId','',NULL,NULL,NULL,NULL,NULL,NULL,NULL,NULL,NULL,NULL,NULL,26,2,NULL,NULL),
(158,'2020-03-20 09:56:32',NULL,0,'2020-01-02 11:55:35',120,'completed','mercadopago','somePreferenceId','',NULL,NULL,NULL,NULL,NULL,NULL,NULL,NULL,NULL,NULL,NULL,26,2,NULL,NULL),
(159,'2020-03-20 09:56:32',NULL,0,'2019-12-18 14:13:40',52,'completed','mercadopago','somePreferenceId','',NULL,NULL,NULL,NULL,NULL,NULL,NULL,NULL,NULL,NULL,NULL,27,3,NULL,NULL),
(160,'2020-03-20 09:56:32',NULL,0,'2019-03-29 20:15:49',97,'completed','mercadopago','somePreferenceId','',NULL,NULL,NULL,NULL,NULL,NULL,NULL,NULL,NULL,NULL,NULL,27,3,NULL,NULL),
(161,'2020-03-20 09:56:33',NULL,0,'2019-06-30 10:57:26',50,'completed','mercadopago','somePreferenceId','',NULL,NULL,NULL,NULL,NULL,NULL,NULL,NULL,NULL,NULL,NULL,27,3,NULL,NULL),
(162,'2020-03-20 09:56:33',NULL,0,'2019-08-19 22:01:28',191,'completed','mercadopago','somePreferenceId','',NULL,NULL,NULL,NULL,NULL,NULL,NULL,NULL,NULL,NULL,NULL,27,3,NULL,NULL),
(163,'2020-03-20 09:56:33',NULL,0,'2019-12-11 01:37:05',192,'completed','mercadopago','somePreferenceId','',NULL,NULL,NULL,NULL,NULL,NULL,NULL,NULL,NULL,NULL,NULL,27,3,NULL,NULL),
(164,'2020-03-20 09:56:33',NULL,0,'2019-04-13 21:49:34',72,'completed','mercadopago','somePreferenceId','',NULL,NULL,NULL,NULL,NULL,NULL,NULL,NULL,NULL,NULL,NULL,27,3,NULL,NULL),
(165,'2020-03-20 09:56:33',NULL,0,'2019-12-07 03:53:24',197,'completed','mercadopago','somePreferenceId','',NULL,NULL,NULL,NULL,NULL,NULL,NULL,NULL,NULL,NULL,NULL,28,4,NULL,NULL),
(166,'2020-03-20 09:56:33',NULL,0,'2019-08-06 16:10:19',124,'completed','mercadopago','somePreferenceId','',NULL,NULL,NULL,NULL,NULL,NULL,NULL,NULL,NULL,NULL,NULL,28,4,NULL,NULL),
(167,'2020-03-20 09:56:33',NULL,0,'2019-11-26 11:16:47',159,'completed','mercadopago','somePreferenceId','',NULL,NULL,NULL,NULL,NULL,NULL,NULL,NULL,NULL,NULL,NULL,28,4,NULL,NULL),
(168,'2020-03-20 09:56:33',NULL,0,'2019-12-04 20:10:05',66,'completed','mercadopago','somePreferenceId','',NULL,NULL,NULL,NULL,NULL,NULL,NULL,NULL,NULL,NULL,NULL,28,4,NULL,NULL),
(169,'2020-03-20 09:56:33',NULL,0,'2020-03-10 17:22:29',59,'completed','mercadopago','somePreferenceId','',NULL,NULL,NULL,NULL,NULL,NULL,NULL,NULL,NULL,NULL,NULL,29,1,NULL,NULL),
(170,'2020-03-20 09:56:33',NULL,0,'2019-03-23 02:00:29',61,'completed','mercadopago','somePreferenceId','',NULL,NULL,NULL,NULL,NULL,NULL,NULL,NULL,NULL,NULL,NULL,29,1,NULL,NULL),
(171,'2020-03-20 09:56:33',NULL,0,'2020-02-02 06:51:12',14,'completed','mercadopago','somePreferenceId','',NULL,NULL,NULL,NULL,NULL,NULL,NULL,NULL,NULL,NULL,NULL,29,1,NULL,NULL),
(172,'2020-03-20 09:56:33',NULL,0,'2020-01-18 05:22:55',48,'completed','mercadopago','somePreferenceId','',NULL,NULL,NULL,NULL,NULL,NULL,NULL,NULL,NULL,NULL,NULL,29,1,NULL,NULL),
(173,'2020-03-20 09:56:33',NULL,0,'2019-08-07 21:41:25',86,'completed','mercadopago','somePreferenceId','',NULL,NULL,NULL,NULL,NULL,NULL,NULL,NULL,NULL,NULL,NULL,29,1,NULL,NULL),
(174,'2020-03-20 09:56:34',NULL,0,'2019-08-09 09:39:05',60,'completed','mercadopago','somePreferenceId','',NULL,NULL,NULL,NULL,NULL,NULL,NULL,NULL,NULL,NULL,NULL,29,1,NULL,NULL),
(175,'2020-03-20 09:56:34',NULL,0,'2019-05-13 22:00:28',9,'completed','mercadopago','somePreferenceId','',NULL,NULL,NULL,NULL,NULL,NULL,NULL,NULL,NULL,NULL,NULL,29,1,NULL,NULL),
(176,'2020-03-20 09:56:34',NULL,0,'2019-12-10 09:38:10',19,'completed','mercadopago','somePreferenceId','',NULL,NULL,NULL,NULL,NULL,NULL,NULL,NULL,NULL,NULL,NULL,29,1,NULL,NULL),
(177,'2020-03-20 09:56:34',NULL,0,'2019-04-06 15:41:20',1,'completed','mercadopago','somePreferenceId','',NULL,NULL,NULL,NULL,NULL,NULL,NULL,NULL,NULL,NULL,NULL,29,1,NULL,NULL),
(178,'2020-03-20 09:56:34',NULL,0,'2020-02-03 21:28:03',23,'completed','mercadopago','somePreferenceId','',NULL,NULL,NULL,NULL,NULL,NULL,NULL,NULL,NULL,NULL,NULL,30,2,NULL,NULL),
(179,'2020-03-20 09:56:34',NULL,0,'2019-07-13 09:55:37',61,'completed','mercadopago','somePreferenceId','',NULL,NULL,NULL,NULL,NULL,NULL,NULL,NULL,NULL,NULL,NULL,31,3,NULL,NULL),
(180,'2020-03-20 09:56:34',NULL,0,'2019-11-14 17:50:02',56,'completed','mercadopago','somePreferenceId','',NULL,NULL,NULL,NULL,NULL,NULL,NULL,NULL,NULL,NULL,NULL,31,3,NULL,NULL),
(181,'2020-03-20 09:56:34',NULL,0,'2019-10-29 04:19:56',192,'completed','mercadopago','somePreferenceId','',NULL,NULL,NULL,NULL,NULL,NULL,NULL,NULL,NULL,NULL,NULL,31,3,NULL,NULL),
(182,'2020-03-20 09:56:34',NULL,0,'2019-08-29 02:16:05',134,'completed','mercadopago','somePreferenceId','',NULL,NULL,NULL,NULL,NULL,NULL,NULL,NULL,NULL,NULL,NULL,31,3,NULL,NULL),
(183,'2020-03-20 09:56:34',NULL,0,'2019-07-15 00:28:29',27,'completed','mercadopago','somePreferenceId','',NULL,NULL,NULL,NULL,NULL,NULL,NULL,NULL,NULL,NULL,NULL,31,3,NULL,NULL),
(184,'2020-03-20 09:56:34',NULL,0,'2019-08-22 04:38:29',72,'completed','mercadopago','somePreferenceId','',NULL,NULL,NULL,NULL,NULL,NULL,NULL,NULL,NULL,NULL,NULL,31,3,NULL,NULL),
(185,'2020-03-20 09:56:34',NULL,0,'2019-05-18 09:18:56',89,'completed','mercadopago','somePreferenceId','',NULL,NULL,NULL,NULL,NULL,NULL,NULL,NULL,NULL,NULL,NULL,31,3,NULL,NULL),
(186,'2020-03-20 09:56:34',NULL,0,'2019-09-06 00:23:29',49,'completed','mercadopago','somePreferenceId','',NULL,NULL,NULL,NULL,NULL,NULL,NULL,NULL,NULL,NULL,NULL,31,3,NULL,NULL),
(187,'2020-03-20 09:56:34',NULL,0,'2019-07-24 08:33:33',12,'completed','mercadopago','somePreferenceId','',NULL,NULL,NULL,NULL,NULL,NULL,NULL,NULL,NULL,NULL,NULL,32,4,NULL,NULL),
(188,'2020-03-20 09:56:35',NULL,0,'2019-12-03 15:22:10',127,'completed','mercadopago','somePreferenceId','',NULL,NULL,NULL,NULL,NULL,NULL,NULL,NULL,NULL,NULL,NULL,32,4,NULL,NULL),
(189,'2020-03-20 09:56:35',NULL,0,'2019-09-28 13:17:10',80,'completed','mercadopago','somePreferenceId','',NULL,NULL,NULL,NULL,NULL,NULL,NULL,NULL,NULL,NULL,NULL,32,4,NULL,NULL),
(190,'2020-03-20 09:56:35',NULL,0,'2019-05-08 20:11:20',43,'completed','mercadopago','somePreferenceId','',NULL,NULL,NULL,NULL,NULL,NULL,NULL,NULL,NULL,NULL,NULL,32,4,NULL,NULL),
(191,'2020-03-20 09:56:35',NULL,0,'2020-02-18 06:02:23',29,'completed','mercadopago','somePreferenceId','',NULL,NULL,NULL,NULL,NULL,NULL,NULL,NULL,NULL,NULL,NULL,32,4,NULL,NULL),
(192,'2020-03-20 09:56:35',NULL,0,'2020-01-23 05:56:53',168,'completed','mercadopago','somePreferenceId','',NULL,NULL,NULL,NULL,NULL,NULL,NULL,NULL,NULL,NULL,NULL,32,4,NULL,NULL),
(193,'2020-03-20 09:56:35',NULL,0,'2019-11-15 06:08:50',147,'completed','mercadopago','somePreferenceId','',NULL,NULL,NULL,NULL,NULL,NULL,NULL,NULL,NULL,NULL,NULL,33,1,NULL,NULL),
(194,'2020-03-20 09:56:35',NULL,0,'2020-03-13 02:20:52',163,'completed','mercadopago','somePreferenceId','',NULL,NULL,NULL,NULL,NULL,NULL,NULL,NULL,NULL,NULL,NULL,33,1,NULL,NULL),
(195,'2020-03-20 09:56:35',NULL,0,'2019-10-26 13:12:38',47,'completed','mercadopago','somePreferenceId','',NULL,NULL,NULL,NULL,NULL,NULL,NULL,NULL,NULL,NULL,NULL,33,1,NULL,NULL),
(196,'2020-03-20 09:56:35',NULL,0,'2019-10-27 22:01:41',190,'completed','mercadopago','somePreferenceId','',NULL,NULL,NULL,NULL,NULL,NULL,NULL,NULL,NULL,NULL,NULL,33,1,NULL,NULL),
(197,'2020-03-20 09:56:35',NULL,0,'2019-09-08 17:04:10',198,'completed','mercadopago','somePreferenceId','',NULL,NULL,NULL,NULL,NULL,NULL,NULL,NULL,NULL,NULL,NULL,33,1,NULL,NULL),
(198,'2020-03-20 09:56:35',NULL,0,'2020-01-10 01:28:50',10,'completed','mercadopago','somePreferenceId','',NULL,NULL,NULL,NULL,NULL,NULL,NULL,NULL,NULL,NULL,NULL,33,1,NULL,NULL),
(199,'2020-03-20 09:56:35',NULL,0,'2020-01-11 04:11:12',186,'completed','mercadopago','somePreferenceId','',NULL,NULL,NULL,NULL,NULL,NULL,NULL,NULL,NULL,NULL,NULL,33,1,NULL,NULL),
(200,'2020-03-20 09:56:35',NULL,0,'2020-01-03 01:06:42',16,'completed','mercadopago','somePreferenceId','',NULL,NULL,NULL,NULL,NULL,NULL,NULL,NULL,NULL,NULL,NULL,33,1,NULL,NULL),
(201,'2020-03-20 09:56:35',NULL,0,'2019-12-03 12:48:19',44,'completed','mercadopago','somePreferenceId','',NULL,NULL,NULL,NULL,NULL,NULL,NULL,NULL,NULL,NULL,NULL,34,2,NULL,NULL),
(202,'2020-03-20 09:56:36',NULL,0,'2019-03-30 19:55:33',67,'completed','mercadopago','somePreferenceId','',NULL,NULL,NULL,NULL,NULL,NULL,NULL,NULL,NULL,NULL,NULL,34,2,NULL,NULL),
(203,'2020-03-20 09:56:36',NULL,0,'2019-10-21 12:15:15',56,'completed','mercadopago','somePreferenceId','',NULL,NULL,NULL,NULL,NULL,NULL,NULL,NULL,NULL,NULL,NULL,34,2,NULL,NULL),
(204,'2020-03-20 09:56:36',NULL,0,'2019-11-23 13:29:36',151,'completed','mercadopago','somePreferenceId','',NULL,NULL,NULL,NULL,NULL,NULL,NULL,NULL,NULL,NULL,NULL,34,2,NULL,NULL),
(205,'2020-03-20 09:56:36',NULL,0,'2019-04-11 06:54:51',145,'completed','mercadopago','somePreferenceId','',NULL,NULL,NULL,NULL,NULL,NULL,NULL,NULL,NULL,NULL,NULL,35,3,NULL,NULL),
(206,'2020-03-20 09:56:36',NULL,0,'2020-03-13 12:38:22',144,'completed','mercadopago','somePreferenceId','',NULL,NULL,NULL,NULL,NULL,NULL,NULL,NULL,NULL,NULL,NULL,35,3,NULL,NULL),
(207,'2020-03-20 09:56:36',NULL,0,'2020-02-21 03:27:11',90,'completed','mercadopago','somePreferenceId','',NULL,NULL,NULL,NULL,NULL,NULL,NULL,NULL,NULL,NULL,NULL,35,3,NULL,NULL),
(208,'2020-03-20 09:56:36',NULL,0,'2020-02-27 20:41:13',61,'completed','mercadopago','somePreferenceId','',NULL,NULL,NULL,NULL,NULL,NULL,NULL,NULL,NULL,NULL,NULL,36,4,NULL,NULL),
(209,'2020-03-20 09:56:36',NULL,0,'2019-04-07 18:39:16',90,'completed','mercadopago','somePreferenceId','',NULL,NULL,NULL,NULL,NULL,NULL,NULL,NULL,NULL,NULL,NULL,36,4,NULL,NULL),
(210,'2020-03-20 09:56:36',NULL,0,'2020-02-07 06:57:24',148,'completed','mercadopago','somePreferenceId','',NULL,NULL,NULL,NULL,NULL,NULL,NULL,NULL,NULL,NULL,NULL,37,1,NULL,NULL),
(211,'2020-03-20 09:56:36',NULL,0,'2020-01-29 06:42:33',131,'completed','mercadopago','somePreferenceId','',NULL,NULL,NULL,NULL,NULL,NULL,NULL,NULL,NULL,NULL,NULL,37,1,NULL,NULL),
(212,'2020-03-20 09:56:36',NULL,0,'2019-08-10 22:23:14',79,'completed','mercadopago','somePreferenceId','',NULL,NULL,NULL,NULL,NULL,NULL,NULL,NULL,NULL,NULL,NULL,37,1,NULL,NULL),
(213,'2020-03-20 09:56:36',NULL,0,'2019-04-30 16:03:44',155,'completed','mercadopago','somePreferenceId','',NULL,NULL,NULL,NULL,NULL,NULL,NULL,NULL,NULL,NULL,NULL,37,1,NULL,NULL),
(214,'2020-03-20 09:56:36',NULL,0,'2019-12-17 12:30:48',174,'completed','mercadopago','somePreferenceId','',NULL,NULL,NULL,NULL,NULL,NULL,NULL,NULL,NULL,NULL,NULL,37,1,NULL,NULL),
(215,'2020-03-20 09:56:36',NULL,0,'2019-12-05 05:30:44',146,'completed','mercadopago','somePreferenceId','',NULL,NULL,NULL,NULL,NULL,NULL,NULL,NULL,NULL,NULL,NULL,37,1,NULL,NULL),
(216,'2020-03-20 09:56:37',NULL,0,'2020-01-28 10:39:33',174,'completed','mercadopago','somePreferenceId','',NULL,NULL,NULL,NULL,NULL,NULL,NULL,NULL,NULL,NULL,NULL,37,1,NULL,NULL),
(217,'2020-03-20 09:56:37',NULL,0,'2019-12-26 22:31:13',140,'completed','mercadopago','somePreferenceId','',NULL,NULL,NULL,NULL,NULL,NULL,NULL,NULL,NULL,NULL,NULL,38,2,NULL,NULL),
(218,'2020-03-20 09:56:37',NULL,0,'2019-10-24 14:10:06',54,'completed','mercadopago','somePreferenceId','',NULL,NULL,NULL,NULL,NULL,NULL,NULL,NULL,NULL,NULL,NULL,38,2,NULL,NULL),
(219,'2020-03-20 09:56:37',NULL,0,'2019-09-17 06:58:14',126,'completed','mercadopago','somePreferenceId','',NULL,NULL,NULL,NULL,NULL,NULL,NULL,NULL,NULL,NULL,NULL,38,2,NULL,NULL),
(220,'2020-03-20 09:56:37',NULL,0,'2019-09-23 04:28:29',181,'completed','mercadopago','somePreferenceId','',NULL,NULL,NULL,NULL,NULL,NULL,NULL,NULL,NULL,NULL,NULL,38,2,NULL,NULL),
(221,'2020-03-20 09:56:37',NULL,0,'2019-11-08 00:53:13',14,'completed','mercadopago','somePreferenceId','',NULL,NULL,NULL,NULL,NULL,NULL,NULL,NULL,NULL,NULL,NULL,38,2,NULL,NULL),
(222,'2020-03-20 09:56:37',NULL,0,'2019-04-13 01:16:42',153,'completed','mercadopago','somePreferenceId','',NULL,NULL,NULL,NULL,NULL,NULL,NULL,NULL,NULL,NULL,NULL,38,2,NULL,NULL),
(223,'2020-03-20 09:56:37',NULL,0,'2019-05-08 13:08:00',187,'completed','mercadopago','somePreferenceId','',NULL,NULL,NULL,NULL,NULL,NULL,NULL,NULL,NULL,NULL,NULL,38,2,NULL,NULL),
(224,'2020-03-20 09:56:37',NULL,0,'2019-11-23 08:57:06',156,'completed','mercadopago','somePreferenceId','',NULL,NULL,NULL,NULL,NULL,NULL,NULL,NULL,NULL,NULL,NULL,38,2,NULL,NULL),
(225,'2020-03-20 09:56:37',NULL,0,'2019-07-31 12:29:18',125,'completed','mercadopago','somePreferenceId','',NULL,NULL,NULL,NULL,NULL,NULL,NULL,NULL,NULL,NULL,NULL,38,2,NULL,NULL),
(226,'2020-03-20 09:56:37',NULL,0,'2019-09-09 08:45:58',7,'completed','mercadopago','somePreferenceId','',NULL,NULL,NULL,NULL,NULL,NULL,NULL,NULL,NULL,NULL,NULL,39,3,NULL,NULL),
(227,'2020-03-20 09:56:37',NULL,0,'2019-12-07 02:46:48',68,'completed','mercadopago','somePreferenceId','',NULL,NULL,NULL,NULL,NULL,NULL,NULL,NULL,NULL,NULL,NULL,40,4,NULL,NULL),
(228,'2020-03-20 09:56:37',NULL,0,'2019-03-30 11:12:30',97,'completed','mercadopago','somePreferenceId','',NULL,NULL,NULL,NULL,NULL,NULL,NULL,NULL,NULL,NULL,NULL,40,4,NULL,NULL);

/*Data for the table `quote` */

insert  into `quote`(`id`,`created`,`updated`,`deleted`,`price`,`from`,`to`,`investment_type_id`,`parent_quote_id`) values 
(1,'2020-03-20 09:57:21',NULL,0,74.5,'2020-03-20 00:00:00',NULL,1,NULL),
(2,'2020-03-20 09:57:21',NULL,0,168,'2020-03-01 00:00:00',NULL,2,1);

/*Data for the table `refuel` */

insert  into `refuel`(`id`,`created`,`updated`,`deleted`,`stamp`,`litres`,`external_id`,`wallet_litres`,`fuel_type_id`,`fuel_price_id`,`pump_id`,`wallet_id`,`wallet_fuel_price_id`,`authorization_id`) values 
(1,'2020-03-20 09:56:37',NULL,0,'2019-12-26 17:02:10',169,'25018077',0,1,1,25,1,NULL,1),
(2,'2020-03-20 09:56:38',NULL,0,'2019-05-08 17:11:29',133,'97159061',0,2,2,5,2,NULL,2),
(3,'2020-03-20 09:56:38',NULL,0,'2020-02-05 21:42:26',160,'10467700',0,2,2,24,2,NULL,3),
(4,'2020-03-20 09:56:38',NULL,0,'2019-03-28 08:42:06',110,'46525607',0,2,2,2,2,NULL,4),
(5,'2020-03-20 09:56:38',NULL,0,'2019-08-10 19:19:07',15,'44369683',0,2,2,16,2,NULL,5),
(6,'2020-03-20 09:56:38',NULL,0,'2019-10-13 22:47:19',174,'84754209',0,2,2,16,2,NULL,6),
(7,'2020-03-20 09:56:38',NULL,0,'2019-03-24 02:30:43',136,'43764587',0,3,3,17,3,NULL,7),
(8,'2020-03-20 09:56:38',NULL,0,'2019-11-14 01:48:32',109,'13611323',0,3,3,8,3,NULL,8),
(9,'2020-03-20 09:56:38',NULL,0,'2019-06-15 09:45:43',104,'77349100',0,3,3,18,3,NULL,9),
(10,'2020-03-20 09:56:38',NULL,0,'2020-02-04 19:49:20',40,'57783737',0,4,4,3,4,NULL,10),
(11,'2020-03-20 09:56:38',NULL,0,'2019-09-21 04:57:55',64,'49623597',0,4,4,4,4,NULL,11),
(12,'2020-03-20 09:56:38',NULL,0,'2019-09-14 17:35:04',25,'32997633',0,4,4,26,4,NULL,12),
(13,'2020-03-20 09:56:38',NULL,0,'2019-07-18 21:22:32',46,'15031995',0,1,1,1,5,NULL,13),
(14,'2020-03-20 09:56:38',NULL,0,'2019-05-07 04:54:04',16,'48217092',0,1,1,2,5,NULL,14),
(15,'2020-03-20 09:56:39',NULL,0,'2019-04-04 06:26:44',83,'19489122',0,1,1,22,5,NULL,15),
(16,'2020-03-20 09:56:39',NULL,0,'2019-06-29 02:40:43',188,'80630332',0,1,1,2,5,NULL,16),
(17,'2020-03-20 09:56:39',NULL,0,'2020-03-05 14:07:30',129,'40824539',0,1,1,26,5,NULL,17),
(18,'2020-03-20 09:56:39',NULL,0,'2020-02-16 16:12:52',82,'56549173',0,1,1,22,5,NULL,18),
(19,'2020-03-20 09:56:39',NULL,0,'2019-05-02 00:59:16',16,'56074277',0,1,1,10,5,NULL,19),
(20,'2020-03-20 09:56:39',NULL,0,'2020-03-01 12:37:29',101,'78647005',0,1,1,23,5,NULL,20),
(21,'2020-03-20 09:56:39',NULL,0,'2019-07-06 06:26:28',104,'11803598',0,1,1,21,5,NULL,21),
(22,'2020-03-20 09:56:39',NULL,0,'2019-07-31 02:03:31',93,'99832157',0,2,2,15,6,NULL,22),
(23,'2020-03-20 09:56:39',NULL,0,'2019-10-12 14:44:38',126,'66553088',0,2,2,10,6,NULL,23),
(24,'2020-03-20 09:56:39',NULL,0,'2019-10-24 14:21:16',175,'78332661',0,2,2,22,6,NULL,24),
(25,'2020-03-20 09:56:39',NULL,0,'2020-03-05 20:31:19',33,'81542576',0,2,2,8,6,NULL,25),
(26,'2020-03-20 09:56:39',NULL,0,'2019-09-13 20:29:19',98,'87101339',0,2,2,3,6,NULL,26),
(27,'2020-03-20 09:56:39',NULL,0,'2020-02-24 05:14:56',160,'55153251',0,2,2,13,6,NULL,27),
(28,'2020-03-20 09:56:39',NULL,0,'2019-11-10 16:59:39',88,'74680072',0,2,2,23,6,NULL,28),
(29,'2020-03-20 09:56:40',NULL,0,'2019-07-18 14:30:35',63,'72417241',0,2,2,11,6,NULL,29),
(30,'2020-03-20 09:56:40',NULL,0,'2019-09-23 09:47:50',147,'99376210',0,2,2,17,6,NULL,30),
(31,'2020-03-20 09:56:40',NULL,0,'2019-04-28 06:53:43',72,'86402273',0,3,3,22,7,NULL,31),
(32,'2020-03-20 09:56:40',NULL,0,'2019-08-14 16:30:54',194,'53943395',0,4,4,3,8,NULL,32),
(33,'2020-03-20 09:56:40',NULL,0,'2019-06-29 19:28:51',126,'67862821',0,4,4,25,8,NULL,33),
(34,'2020-03-20 09:56:40',NULL,0,'2019-08-05 18:04:04',76,'17620763',0,4,4,16,8,NULL,34),
(35,'2020-03-20 09:56:40',NULL,0,'2019-04-02 17:57:45',109,'71974590',0,1,1,10,9,NULL,35),
(36,'2020-03-20 09:56:40',NULL,0,'2019-09-29 03:02:16',77,'38614681',0,1,1,26,9,NULL,36),
(37,'2020-03-20 09:56:40',NULL,0,'2019-11-14 02:33:26',18,'81060072',0,1,1,19,9,NULL,37),
(38,'2020-03-20 09:56:40',NULL,0,'2019-07-09 04:24:01',25,'38614753',0,1,1,6,9,NULL,38),
(39,'2020-03-20 09:56:40',NULL,0,'2019-04-13 20:48:47',64,'78745302',0,1,1,18,9,NULL,39),
(40,'2020-03-20 09:56:40',NULL,0,'2019-12-16 00:09:53',35,'63725125',0,1,1,15,9,NULL,40),
(41,'2020-03-20 09:56:40',NULL,0,'2019-11-04 06:26:28',56,'28640025',0,1,1,19,9,NULL,41),
(42,'2020-03-20 09:56:41',NULL,0,'2019-12-18 16:20:11',41,'25554534',0,2,2,28,10,NULL,42),
(43,'2020-03-20 09:56:41',NULL,0,'2019-05-04 12:43:09',100,'89506689',0,2,2,27,10,NULL,43),
(44,'2020-03-20 09:56:41',NULL,0,'2019-04-12 08:55:48',81,'70961099',0,2,2,12,10,NULL,44),
(45,'2020-03-20 09:56:41',NULL,0,'2019-09-13 13:15:41',188,'68766591',0,3,3,8,11,NULL,45),
(46,'2020-03-20 09:56:41',NULL,0,'2019-12-16 20:02:08',173,'84078616',0,3,3,23,11,NULL,46),
(47,'2020-03-20 09:56:41',NULL,0,'2019-10-05 01:41:33',163,'7451954',0,3,3,4,11,NULL,47),
(48,'2020-03-20 09:56:41',NULL,0,'2019-11-18 14:37:43',32,'66341734',0,3,3,24,11,NULL,48),
(49,'2020-03-20 09:56:41',NULL,0,'2019-04-21 18:50:53',163,'58344768',0,3,3,25,11,NULL,49),
(50,'2020-03-20 09:56:41',NULL,0,'2019-11-08 01:24:31',123,'94697607',0,3,3,8,11,NULL,50),
(51,'2020-03-20 09:56:41',NULL,0,'2020-02-17 08:13:26',189,'6801163',0,3,3,26,11,NULL,51),
(52,'2020-03-20 09:56:41',NULL,0,'2019-07-23 18:13:54',190,'47345381',0,3,3,11,11,NULL,52),
(53,'2020-03-20 09:56:41',NULL,0,'2019-10-03 06:19:53',1,'32379731',0,4,4,25,12,NULL,53),
(54,'2020-03-20 09:56:41',NULL,0,'2019-07-09 18:54:03',115,'84288733',0,4,4,6,12,NULL,54),
(55,'2020-03-20 09:56:41',NULL,0,'2020-01-17 14:48:06',1,'27837614',0,4,4,8,12,NULL,55),
(56,'2020-03-20 09:56:42',NULL,0,'2019-06-23 16:44:59',191,'1315824',0,4,4,19,12,NULL,56),
(57,'2020-03-20 09:56:42',NULL,0,'2019-07-07 02:50:49',27,'68643862',0,4,4,21,12,NULL,57),
(58,'2020-03-20 09:56:42',NULL,0,'2019-11-22 15:51:48',192,'2752432',0,4,4,27,12,NULL,58),
(59,'2020-03-20 09:56:42',NULL,0,'2019-10-21 04:33:45',163,'29312249',0,1,1,11,13,NULL,59),
(60,'2020-03-20 09:56:42',NULL,0,'2020-01-26 12:18:28',24,'94765721',0,1,1,24,13,NULL,60),
(61,'2020-03-20 09:56:42',NULL,0,'2019-07-12 08:56:57',188,'51118499',0,1,1,4,13,NULL,61),
(62,'2020-03-20 09:56:42',NULL,0,'2020-01-23 14:08:01',43,'80965389',0,2,2,8,14,NULL,62),
(63,'2020-03-20 09:56:42',NULL,0,'2019-09-25 05:08:10',189,'87083171',0,3,3,28,15,NULL,63),
(64,'2020-03-20 09:56:42',NULL,0,'2020-01-25 20:45:13',111,'43921314',0,3,3,26,15,NULL,64),
(65,'2020-03-20 09:56:42',NULL,0,'2019-07-13 16:32:43',155,'14651904',0,3,3,14,15,NULL,65),
(66,'2020-03-20 09:56:42',NULL,0,'2019-10-28 07:28:23',53,'10127606',0,3,3,25,15,NULL,66),
(67,'2020-03-20 09:56:42',NULL,0,'2019-09-11 18:36:18',11,'39670083',0,3,3,25,15,NULL,67),
(68,'2020-03-20 09:56:42',NULL,0,'2020-01-29 22:09:00',97,'23642089',0,3,3,10,15,NULL,68),
(69,'2020-03-20 09:56:42',NULL,0,'2019-03-31 00:11:14',183,'19640021',0,3,3,11,15,NULL,69),
(70,'2020-03-20 09:56:43',NULL,0,'2019-12-10 00:17:21',36,'74522217',0,3,3,12,15,NULL,70),
(71,'2020-03-20 09:56:43',NULL,0,'2019-08-27 01:28:00',102,'46151937',0,4,4,26,16,NULL,71),
(72,'2020-03-20 09:56:43',NULL,0,'2019-05-04 11:49:40',63,'3651175',0,4,4,11,16,NULL,72),
(73,'2020-03-20 09:56:43',NULL,0,'2019-07-24 01:30:37',43,'4032674',0,4,4,7,16,NULL,73),
(74,'2020-03-20 09:56:43',NULL,0,'2019-09-06 17:55:16',153,'4245792',0,4,4,24,16,NULL,74),
(75,'2020-03-20 09:56:43',NULL,0,'2019-11-27 18:36:58',54,'91589364',0,4,4,11,16,NULL,75),
(76,'2020-03-20 09:56:43',NULL,0,'2020-01-05 08:59:49',96,'37659474',0,1,1,28,17,NULL,76),
(77,'2020-03-20 09:56:43',NULL,0,'2019-06-28 05:43:38',170,'25946814',0,1,1,5,17,NULL,77),
(78,'2020-03-20 09:56:43',NULL,0,'2019-12-28 11:29:57',165,'10672579',0,1,1,13,17,NULL,78),
(79,'2020-03-20 09:56:43',NULL,0,'2019-11-19 02:00:48',157,'58872445',0,2,2,3,18,NULL,79),
(80,'2020-03-20 09:56:43',NULL,0,'2019-08-07 11:15:51',180,'89391553',0,2,2,1,18,NULL,80),
(81,'2020-03-20 09:56:43',NULL,0,'2019-11-19 05:44:30',147,'83031244',0,2,2,15,18,NULL,81),
(82,'2020-03-20 09:56:43',NULL,0,'2019-08-08 04:01:11',99,'72331269',0,2,2,15,18,NULL,82),
(83,'2020-03-20 09:56:44',NULL,0,'2019-04-03 18:33:53',142,'12447645',0,2,2,15,18,NULL,83),
(84,'2020-03-20 09:56:44',NULL,0,'2020-01-07 01:58:21',133,'29603443',0,2,2,26,18,NULL,84),
(85,'2020-03-20 09:56:44',NULL,0,'2019-07-25 20:21:47',96,'35665134',0,3,3,11,19,NULL,85),
(86,'2020-03-20 09:56:44',NULL,0,'2019-09-07 20:16:43',134,'28310823',0,3,3,22,19,NULL,86),
(87,'2020-03-20 09:56:44',NULL,0,'2019-11-14 13:36:10',164,'22190445',0,3,3,1,19,NULL,87),
(88,'2020-03-20 09:56:44',NULL,0,'2019-12-12 01:21:30',195,'71843494',0,3,3,24,19,NULL,88),
(89,'2020-03-20 09:56:44',NULL,0,'2019-12-23 08:57:47',159,'25757192',0,3,3,26,19,NULL,89),
(90,'2020-03-20 09:56:44',NULL,0,'2019-10-03 22:43:29',186,'70774127',0,3,3,1,19,NULL,90),
(91,'2020-03-20 09:56:44',NULL,0,'2019-07-17 11:50:52',190,'63570301',0,3,3,20,19,NULL,91),
(92,'2020-03-20 09:56:44',NULL,0,'2019-12-09 01:44:23',34,'85817288',0,3,3,26,19,NULL,92),
(93,'2020-03-20 09:56:44',NULL,0,'2019-11-05 02:12:20',66,'74258470',0,4,4,1,20,NULL,93),
(94,'2020-03-20 09:56:44',NULL,0,'2019-08-19 12:38:57',61,'44851884',0,4,4,10,20,NULL,94),
(95,'2020-03-20 09:56:44',NULL,0,'2019-11-08 08:40:58',73,'54082387',0,4,4,6,20,NULL,95),
(96,'2020-03-20 09:56:45',NULL,0,'2019-06-06 15:50:01',121,'50350599',0,4,4,4,20,NULL,96),
(97,'2020-03-20 09:56:45',NULL,0,'2020-01-20 15:56:03',80,'73591491',0,4,4,17,20,NULL,97),
(98,'2020-03-20 09:56:45',NULL,0,'2020-01-04 23:33:59',68,'47994026',0,4,4,28,20,NULL,98),
(99,'2020-03-20 09:56:45',NULL,0,'2019-05-12 05:41:22',164,'84040984',0,1,1,22,21,NULL,99),
(100,'2020-03-20 09:56:45',NULL,0,'2019-12-27 07:27:55',120,'15825090',0,1,1,14,21,NULL,100),
(101,'2020-03-20 09:56:45',NULL,0,'2020-03-17 20:30:30',100,'70157326',0,1,1,26,21,NULL,101),
(102,'2020-03-20 09:56:45',NULL,0,'2019-04-26 11:52:26',51,'64686771',0,1,1,4,21,NULL,102),
(103,'2020-03-20 09:56:45',NULL,0,'2019-04-01 05:04:55',109,'89139868',0,1,1,17,21,NULL,103),
(104,'2020-03-20 09:56:45',NULL,0,'2019-07-21 14:50:51',130,'83827667',0,1,1,3,21,NULL,104),
(105,'2020-03-20 09:56:45',NULL,0,'2019-10-26 20:42:04',61,'19141041',0,2,2,4,22,NULL,105),
(106,'2020-03-20 09:56:45',NULL,0,'2019-10-09 08:25:12',48,'3844774',0,2,2,12,22,NULL,106),
(107,'2020-03-20 09:56:45',NULL,0,'2019-09-24 06:29:21',110,'96123762',0,3,3,18,23,NULL,107),
(108,'2020-03-20 09:56:45',NULL,0,'2019-05-10 17:42:12',124,'37449330',0,3,3,8,23,NULL,108),
(109,'2020-03-20 09:56:46',NULL,0,'2019-04-13 19:31:34',25,'33466680',0,3,3,23,23,NULL,109),
(110,'2020-03-20 09:56:46',NULL,0,'2019-04-09 14:11:56',40,'54530968',0,4,4,3,24,NULL,110),
(111,'2020-03-20 09:56:46',NULL,0,'2019-06-23 21:01:14',139,'3332973',0,4,4,26,24,NULL,111),
(112,'2020-03-20 09:56:46',NULL,0,'2019-06-07 21:02:51',106,'35705282',0,4,4,11,24,NULL,112),
(113,'2020-03-20 09:56:46',NULL,0,'2019-05-21 19:57:03',165,'79017165',0,4,4,11,24,NULL,113),
(114,'2020-03-20 09:56:46',NULL,0,'2020-02-23 18:04:47',124,'57925514',0,4,4,3,24,NULL,114),
(115,'2020-03-20 09:56:46',NULL,0,'2019-06-15 19:07:08',3,'53468472',0,4,4,14,24,NULL,115),
(116,'2020-03-20 09:56:46',NULL,0,'2019-09-26 17:38:34',70,'71462590',0,1,1,3,25,NULL,116),
(117,'2020-03-20 09:56:46',NULL,0,'2019-06-26 12:04:51',131,'56533251',0,1,1,21,25,NULL,117),
(118,'2020-03-20 09:56:46',NULL,0,'2020-01-26 19:53:19',61,'82292984',0,1,1,4,25,NULL,118),
(119,'2020-03-20 09:56:46',NULL,0,'2019-11-10 13:53:48',125,'62259657',0,1,1,17,25,NULL,119),
(120,'2020-03-20 09:56:46',NULL,0,'2019-04-30 09:29:13',165,'25415037',0,1,1,4,25,NULL,120),
(121,'2020-03-20 09:56:46',NULL,0,'2019-11-01 01:04:36',167,'28093392',0,1,1,16,25,NULL,121),
(122,'2020-03-20 09:56:46',NULL,0,'2019-03-27 23:51:06',195,'60737885',0,1,1,17,25,NULL,122),
(123,'2020-03-20 09:56:47',NULL,0,'2019-11-29 15:01:07',76,'92230478',0,2,2,23,26,NULL,123),
(124,'2020-03-20 09:56:47',NULL,0,'2019-10-15 15:35:27',89,'15885297',0,2,2,2,26,NULL,124),
(125,'2020-03-20 09:56:47',NULL,0,'2019-06-03 04:08:22',42,'31215623',0,3,3,22,27,NULL,125),
(126,'2020-03-20 09:56:47',NULL,0,'2019-10-28 16:10:15',10,'37985332',0,3,3,2,27,NULL,126),
(127,'2020-03-20 09:56:47',NULL,0,'2019-10-01 05:56:30',104,'12545940',0,3,3,8,27,NULL,127),
(128,'2020-03-20 09:56:47',NULL,0,'2019-10-17 19:07:26',139,'80719226',0,3,3,15,27,NULL,128),
(129,'2020-03-20 09:56:47',NULL,0,'2019-09-21 21:26:33',95,'60234357',0,3,3,15,27,NULL,129),
(130,'2020-03-20 09:56:47',NULL,0,'2020-03-06 12:35:26',184,'82056557',0,3,3,6,27,NULL,130),
(131,'2020-03-20 09:56:47',NULL,0,'2019-11-18 07:40:16',87,'65035199',0,3,3,20,27,NULL,131),
(132,'2020-03-20 09:56:47',NULL,0,'2019-10-23 09:35:19',56,'17027083',0,4,4,8,28,NULL,132),
(133,'2020-03-20 09:56:47',NULL,0,'2019-10-30 01:42:49',63,'97887035',0,4,4,2,28,NULL,133),
(134,'2020-03-20 09:56:47',NULL,0,'2019-09-04 17:17:33',101,'10108826',0,4,4,10,28,NULL,134),
(135,'2020-03-20 09:56:47',NULL,0,'2019-07-18 05:31:00',140,'48345894',0,4,4,5,28,NULL,135),
(136,'2020-03-20 09:56:48',NULL,0,'2020-02-14 10:44:11',113,'86406734',0,4,4,15,28,NULL,136),
(137,'2020-03-20 09:56:48',NULL,0,'2019-10-28 05:50:40',106,'80671613',0,4,4,10,28,NULL,137),
(138,'2020-03-20 09:56:48',NULL,0,'2019-05-20 21:22:28',132,'77411448',0,1,1,18,29,NULL,138),
(139,'2020-03-20 09:56:48',NULL,0,'2020-03-19 02:24:28',133,'6383582',0,1,1,17,29,NULL,139),
(140,'2020-03-20 09:56:48',NULL,0,'2019-11-14 23:11:03',84,'83811145',0,1,1,25,29,NULL,140),
(141,'2020-03-20 09:56:48',NULL,0,'2019-10-25 07:48:47',165,'23144785',0,1,1,24,29,NULL,141),
(142,'2020-03-20 09:56:48',NULL,0,'2020-02-17 04:38:17',123,'33691292',0,1,1,25,29,NULL,142),
(143,'2020-03-20 09:56:48',NULL,0,'2019-06-22 21:57:18',122,'91703471',0,1,1,11,29,NULL,143),
(144,'2020-03-20 09:56:48',NULL,0,'2019-08-23 04:04:05',103,'87821638',0,2,2,26,30,NULL,144),
(145,'2020-03-20 09:56:48',NULL,0,'2020-01-11 18:41:50',195,'20983646',0,2,2,16,30,NULL,145),
(146,'2020-03-20 09:56:48',NULL,0,'2019-07-16 02:16:28',113,'49017149',0,2,2,18,30,NULL,146),
(147,'2020-03-20 09:56:48',NULL,0,'2019-03-23 13:37:19',176,'31713411',0,2,2,15,30,NULL,147),
(148,'2020-03-20 09:56:48',NULL,0,'2020-01-28 13:36:18',156,'14842530',0,2,2,16,30,NULL,148),
(149,'2020-03-20 09:56:49',NULL,0,'2019-07-15 23:15:21',130,'92602228',0,3,3,7,31,NULL,149),
(150,'2020-03-20 09:56:49',NULL,0,'2019-03-28 01:32:42',121,'1139462',0,4,4,3,32,NULL,150),
(151,'2020-03-20 09:56:49',NULL,0,'2020-01-26 00:02:10',188,'96113768',0,4,4,5,32,NULL,151),
(152,'2020-03-20 09:56:49',NULL,0,'2020-02-29 23:39:30',163,'68373737',0,1,1,3,33,NULL,152),
(153,'2020-03-20 09:56:49',NULL,0,'2019-09-11 05:24:34',85,'38525059',0,1,1,14,33,NULL,153),
(154,'2020-03-20 09:56:49',NULL,0,'2019-03-24 07:52:00',152,'79078037',0,1,1,1,33,NULL,154),
(155,'2020-03-20 09:56:49',NULL,0,'2019-07-02 17:00:55',182,'56974219',0,2,2,1,34,NULL,155),
(156,'2020-03-20 09:56:49',NULL,0,'2019-06-17 12:35:37',89,'348476',0,2,2,6,34,NULL,156),
(157,'2020-03-20 09:56:49',NULL,0,'2019-12-06 09:45:14',150,'89628794',0,2,2,12,34,NULL,157),
(158,'2020-03-20 09:56:49',NULL,0,'2019-04-26 04:13:51',103,'25287690',0,2,2,18,34,NULL,158),
(159,'2020-03-20 09:56:49',NULL,0,'2019-10-01 04:00:32',106,'60827733',0,2,2,7,34,NULL,159),
(160,'2020-03-20 09:56:49',NULL,0,'2019-11-17 17:12:38',180,'93732774',0,2,2,12,34,NULL,160),
(161,'2020-03-20 09:56:49',NULL,0,'2019-11-26 16:06:15',135,'9291559',0,3,3,4,35,NULL,161),
(162,'2020-03-20 09:56:50',NULL,0,'2019-11-19 20:39:04',135,'58843170',0,3,3,6,35,NULL,162),
(163,'2020-03-20 09:56:50',NULL,0,'2020-01-26 05:32:31',102,'6853426',0,3,3,21,35,NULL,163),
(164,'2020-03-20 09:56:50',NULL,0,'2019-07-31 20:02:02',5,'78726066',0,3,3,6,35,NULL,164),
(165,'2020-03-20 09:56:50',NULL,0,'2019-06-05 12:46:42',27,'88599359',0,3,3,12,35,NULL,165),
(166,'2020-03-20 09:56:50',NULL,0,'2019-09-25 00:08:17',6,'30242001',0,3,3,19,35,NULL,166),
(167,'2020-03-20 09:56:50',NULL,0,'2019-05-11 17:21:31',112,'33003917',0,3,3,3,35,NULL,167),
(168,'2020-03-20 09:56:50',NULL,0,'2019-04-16 01:48:45',16,'57005468',0,3,3,5,35,NULL,168),
(169,'2020-03-20 09:56:50',NULL,0,'2019-05-01 20:09:51',126,'37542741',0,4,4,16,36,NULL,169),
(170,'2020-03-20 09:56:50',NULL,0,'2019-05-08 19:02:33',36,'85271361',0,4,4,28,36,NULL,170),
(171,'2020-03-20 09:56:50',NULL,0,'2020-03-14 13:33:41',144,'36464523',0,4,4,7,36,NULL,171),
(172,'2020-03-20 09:56:50',NULL,0,'2019-06-16 10:26:01',176,'19299555',0,4,4,26,36,NULL,172),
(173,'2020-03-20 09:56:50',NULL,0,'2019-05-25 01:41:42',10,'51194684',0,4,4,20,36,NULL,173),
(174,'2020-03-20 09:56:50',NULL,0,'2019-08-18 20:15:29',107,'56866714',0,4,4,14,36,NULL,174),
(175,'2020-03-20 09:56:50',NULL,0,'2019-07-01 04:57:22',7,'80416705',0,4,4,2,36,NULL,175),
(176,'2020-03-20 09:56:51',NULL,0,'2020-03-05 12:54:54',196,'69920409',0,1,1,23,37,NULL,176),
(177,'2020-03-20 09:56:51',NULL,0,'2019-09-02 09:30:24',76,'4968987',0,2,2,1,38,NULL,177),
(178,'2020-03-20 09:56:51',NULL,0,'2019-07-03 14:14:01',79,'88884599',0,2,2,8,38,NULL,178),
(179,'2020-03-20 09:56:51',NULL,0,'2019-04-17 07:26:40',80,'58017014',0,2,2,8,38,NULL,179),
(180,'2020-03-20 09:56:51',NULL,0,'2019-10-06 09:45:26',116,'56817404',0,2,2,15,38,NULL,180),
(181,'2020-03-20 09:56:51',NULL,0,'2019-09-20 02:49:41',102,'72963720',0,3,3,21,39,NULL,181),
(182,'2020-03-20 09:56:51',NULL,0,'2019-08-27 05:36:29',49,'75685581',0,3,3,14,39,NULL,182),
(183,'2020-03-20 09:56:51',NULL,0,'2019-08-12 19:57:39',188,'6118111',0,3,3,23,39,NULL,183),
(184,'2020-03-20 09:56:51',NULL,0,'2019-12-14 14:16:13',179,'25226762',0,3,3,8,39,NULL,184),
(185,'2020-03-20 09:56:51',NULL,0,'2019-12-12 23:02:54',67,'11790255',0,3,3,22,39,NULL,185),
(186,'2020-03-20 09:56:51',NULL,0,'2019-03-21 23:52:18',67,'3911947',0,3,3,20,39,NULL,186),
(187,'2020-03-20 09:56:51',NULL,0,'2019-07-07 20:31:55',83,'99439640',0,3,3,18,39,NULL,187),
(188,'2020-03-20 09:56:52',NULL,0,'2020-01-06 14:21:40',110,'92371433',0,4,4,15,40,NULL,188),
(189,'2020-03-20 09:56:52',NULL,0,'2020-03-09 15:10:26',80,'60524139',0,4,4,5,40,NULL,189),
(190,'2020-03-20 09:56:52',NULL,0,'2019-10-31 22:53:32',85,'22566607',0,4,4,8,40,NULL,190),
(191,'2020-03-20 09:56:52',NULL,0,'2019-11-30 16:31:07',64,'48625023',0,4,4,10,40,NULL,191),
(192,'2020-03-20 09:56:52',NULL,0,'2020-02-26 09:23:10',100,'10051087',0,4,4,1,40,NULL,192);

/*Data for the table `role` */

insert  into `role`(`id`,`created`,`updated`,`deleted`,`name`) values 
(1,'2020-03-20 09:56:12',NULL,0,'administrator'),
(2,'2020-03-20 09:56:12',NULL,0,'customer'),
(3,'2020-03-20 09:56:12',NULL,0,'seller'),
(4,'2020-03-20 09:56:13',NULL,0,'gas_station_administrator'),
(5,'2020-03-20 09:56:13',NULL,0,'coverage_operator');

/*Data for the table `scheduled_maintenance` */

/*Data for the table `seller` */

insert  into `seller`(`id`,`created`,`updated`,`deleted`,`name`,`gas_station_id`,`user_id`) values 
(1,'2020-03-20 09:56:18',NULL,0,'Maximiliano Cano',1,15),
(2,'2020-03-20 09:56:19',NULL,0,'Jorge Cola',1,16),
(3,'2020-03-20 09:56:19',NULL,0,'Diego Rubio',1,17),
(4,'2020-03-20 09:56:19',NULL,0,'Francisco Cola',1,18),
(5,'2020-03-20 09:56:19',NULL,0,'Dylan Velez',1,19),
(6,'2020-03-20 09:56:19',NULL,0,'Alan Orejon',1,20),
(7,'2020-03-20 09:56:19',NULL,0,'Mximo Fernndez',1,21),
(8,'2020-03-20 09:56:19',NULL,0,'Juan Pablo Martnez',1,22),
(9,'2020-03-20 09:56:19',NULL,0,'Sergio Moreno',1,23),
(10,'2020-03-20 09:56:20',NULL,0,'Juan Pablo Cano',1,24),
(11,'2020-03-20 09:56:20',NULL,0,'Joshua Rubio',2,25),
(12,'2020-03-20 09:56:20',NULL,0,'Juan Sebastin Velazquez',2,26),
(13,'2020-03-20 09:56:20',NULL,0,'Ivan Ramirez',2,27),
(14,'2020-03-20 09:56:20',NULL,0,'Isaac Lopez',2,28),
(15,'2020-03-20 09:56:20',NULL,0,'Dylan Garza',2,29),
(16,'2020-03-20 09:56:20',NULL,0,'Juan Sebastin Cola',2,30),
(17,'2020-03-20 09:56:20',NULL,0,'Valentino Delgado',2,31),
(18,'2020-03-20 09:56:21',NULL,0,'Iker Snchez',2,32),
(19,'2020-03-20 09:56:21',NULL,0,'Mximo Velazquez',2,33),
(20,'2020-03-20 09:56:21',NULL,0,'Juan Diego Hernandez',2,34);

/*Data for the table `shop_purchase` */

insert  into `shop_purchase`(`id`,`created`,`updated`,`deleted`,`stamp`,`litres`,`description`,`wallet_id`,`fuel_price_id`,`gas_station_id`,`authorization_id`) values 
(1,'2020-03-20 09:56:52',NULL,0,'2020-01-30 22:14:22',28,'',1,1,2,193),
(2,'2020-03-20 09:56:52',NULL,0,'2020-01-05 20:52:24',160,'',1,1,1,194),
(3,'2020-03-20 09:56:52',NULL,0,'2019-04-20 21:39:20',173,'',2,2,1,195),
(4,'2020-03-20 09:56:52',NULL,0,'2019-10-18 00:46:22',179,'',3,3,1,196),
(5,'2020-03-20 09:56:52',NULL,0,'2019-06-16 02:01:22',22,'',3,3,2,197),
(6,'2020-03-20 09:56:52',NULL,0,'2019-08-24 14:35:24',179,'',3,3,2,198),
(7,'2020-03-20 09:56:52',NULL,0,'2019-06-16 18:06:21',79,'',3,3,2,199),
(8,'2020-03-20 09:56:52',NULL,0,'2019-09-07 02:26:58',11,'',3,3,2,200),
(9,'2020-03-20 09:56:52',NULL,0,'2019-12-31 08:32:50',129,'',3,3,2,201),
(10,'2020-03-20 09:56:53',NULL,0,'2019-11-27 01:48:56',176,'',3,3,2,202),
(11,'2020-03-20 09:56:53',NULL,0,'2019-10-30 08:59:31',69,'',3,3,1,203),
(12,'2020-03-20 09:56:53',NULL,0,'2019-08-25 10:28:18',71,'',3,3,1,204),
(13,'2020-03-20 09:56:53',NULL,0,'2019-05-12 01:25:31',130,'',4,4,1,205),
(14,'2020-03-20 09:56:53',NULL,0,'2019-08-29 02:02:47',4,'',4,4,1,206),
(15,'2020-03-20 09:56:53',NULL,0,'2019-11-01 20:23:56',127,'',4,4,1,207),
(16,'2020-03-20 09:56:53',NULL,0,'2019-10-30 04:26:32',94,'',5,1,2,208),
(17,'2020-03-20 09:56:53',NULL,0,'2020-02-03 04:16:14',91,'',5,1,2,209),
(18,'2020-03-20 09:56:53',NULL,0,'2020-02-10 21:48:30',38,'',5,1,2,210),
(19,'2020-03-20 09:56:53',NULL,0,'2019-04-30 06:42:53',115,'',5,1,2,211),
(20,'2020-03-20 09:56:53',NULL,0,'2020-03-11 04:07:30',117,'',5,1,2,212),
(21,'2020-03-20 09:56:53',NULL,0,'2019-12-31 08:58:37',98,'',5,1,1,213),
(22,'2020-03-20 09:56:53',NULL,0,'2019-07-07 04:15:16',72,'',5,1,2,214),
(23,'2020-03-20 09:56:53',NULL,0,'2019-12-27 19:50:33',185,'',5,1,1,215),
(24,'2020-03-20 09:56:54',NULL,0,'2020-01-26 01:12:25',2,'',5,1,2,216),
(25,'2020-03-20 09:56:54',NULL,0,'2020-03-11 08:56:57',149,'',6,2,1,217),
(26,'2020-03-20 09:56:54',NULL,0,'2019-05-01 02:42:59',32,'',6,2,2,218),
(27,'2020-03-20 09:56:54',NULL,0,'2019-04-14 16:06:44',148,'',6,2,1,219),
(28,'2020-03-20 09:56:54',NULL,0,'2019-06-11 15:49:34',83,'',6,2,1,220),
(29,'2020-03-20 09:56:54',NULL,0,'2019-10-25 20:02:52',29,'',6,2,2,221),
(30,'2020-03-20 09:56:54',NULL,0,'2019-07-28 17:52:32',13,'',6,2,2,222),
(31,'2020-03-20 09:56:54',NULL,0,'2020-01-03 21:54:29',36,'',6,2,2,223),
(32,'2020-03-20 09:56:54',NULL,0,'2019-11-20 11:19:58',109,'',6,2,1,224),
(33,'2020-03-20 09:56:54',NULL,0,'2019-12-06 06:34:06',119,'',7,3,2,225),
(34,'2020-03-20 09:56:54',NULL,0,'2019-07-16 17:43:39',60,'',7,3,2,226),
(35,'2020-03-20 09:56:54',NULL,0,'2019-10-09 19:57:11',67,'',7,3,1,227),
(36,'2020-03-20 09:56:54',NULL,0,'2019-04-18 07:47:31',174,'',8,4,1,228),
(37,'2020-03-20 09:56:54',NULL,0,'2019-12-16 03:33:45',71,'',8,4,1,229),
(38,'2020-03-20 09:56:55',NULL,0,'2019-05-02 03:55:11',72,'',8,4,2,230),
(39,'2020-03-20 09:56:55',NULL,0,'2019-08-24 17:28:37',141,'',8,4,2,231),
(40,'2020-03-20 09:56:55',NULL,0,'2020-03-18 02:51:10',164,'',8,4,1,232),
(41,'2020-03-20 09:56:55',NULL,0,'2020-01-04 20:04:18',90,'',8,4,2,233),
(42,'2020-03-20 09:56:55',NULL,0,'2019-08-13 10:05:12',107,'',8,4,1,234),
(43,'2020-03-20 09:56:55',NULL,0,'2019-12-17 20:53:24',42,'',8,4,1,235),
(44,'2020-03-20 09:56:55',NULL,0,'2019-05-24 07:51:05',175,'',8,4,1,236),
(45,'2020-03-20 09:56:55',NULL,0,'2019-05-29 19:28:05',38,'',9,1,2,237),
(46,'2020-03-20 09:56:55',NULL,0,'2019-12-30 03:40:44',166,'',9,1,1,238),
(47,'2020-03-20 09:56:55',NULL,0,'2019-11-11 04:00:28',152,'',9,1,2,239),
(48,'2020-03-20 09:56:55',NULL,0,'2019-04-03 05:58:21',52,'',9,1,1,240),
(49,'2020-03-20 09:56:55',NULL,0,'2019-08-03 06:31:55',38,'',9,1,2,241),
(50,'2020-03-20 09:56:55',NULL,0,'2019-03-25 21:02:42',40,'',10,2,2,242),
(51,'2020-03-20 09:56:56',NULL,0,'2019-04-10 16:20:14',83,'',10,2,1,243),
(52,'2020-03-20 09:56:56',NULL,0,'2020-02-26 11:22:53',24,'',10,2,1,244),
(53,'2020-03-20 09:56:56',NULL,0,'2020-03-11 02:47:41',107,'',11,3,2,245),
(54,'2020-03-20 09:56:56',NULL,0,'2019-04-22 12:40:53',132,'',11,3,2,246),
(55,'2020-03-20 09:56:56',NULL,0,'2019-09-14 18:59:01',4,'',11,3,1,247),
(56,'2020-03-20 09:56:56',NULL,0,'2020-01-23 07:36:36',114,'',11,3,1,248),
(57,'2020-03-20 09:56:56',NULL,0,'2019-11-25 06:59:02',187,'',11,3,2,249),
(58,'2020-03-20 09:56:56',NULL,0,'2019-09-21 11:14:25',121,'',11,3,1,250),
(59,'2020-03-20 09:56:56',NULL,0,'2020-02-04 13:39:45',16,'',12,4,1,251),
(60,'2020-03-20 09:56:56',NULL,0,'2019-06-24 01:04:59',53,'',13,1,1,252),
(61,'2020-03-20 09:56:56',NULL,0,'2020-02-16 02:13:46',82,'',13,1,2,253),
(62,'2020-03-20 09:56:56',NULL,0,'2019-10-22 11:55:34',44,'',14,2,1,254),
(63,'2020-03-20 09:56:56',NULL,0,'2020-01-12 00:48:57',197,'',14,2,1,255),
(64,'2020-03-20 09:56:56',NULL,0,'2019-09-11 16:00:28',107,'',14,2,1,256),
(65,'2020-03-20 09:56:57',NULL,0,'2020-03-05 00:38:58',92,'',14,2,1,257),
(66,'2020-03-20 09:56:57',NULL,0,'2019-05-19 23:49:04',135,'',14,2,2,258),
(67,'2020-03-20 09:56:57',NULL,0,'2019-06-18 23:49:41',39,'',14,2,1,259),
(68,'2020-03-20 09:56:57',NULL,0,'2019-11-24 07:43:03',44,'',14,2,1,260),
(69,'2020-03-20 09:56:57',NULL,0,'2020-02-16 23:48:47',161,'',14,2,2,261),
(70,'2020-03-20 09:56:57',NULL,0,'2019-07-09 01:04:16',3,'',15,3,2,262),
(71,'2020-03-20 09:56:57',NULL,0,'2019-07-22 00:33:01',66,'',15,3,1,263),
(72,'2020-03-20 09:56:57',NULL,0,'2019-03-23 23:30:43',49,'',16,4,2,264),
(73,'2020-03-20 09:56:57',NULL,0,'2019-04-02 07:53:09',137,'',16,4,2,265),
(74,'2020-03-20 09:56:57',NULL,0,'2019-12-05 10:24:22',139,'',16,4,2,266),
(75,'2020-03-20 09:56:57',NULL,0,'2019-06-11 18:47:54',167,'',16,4,1,267),
(76,'2020-03-20 09:56:57',NULL,0,'2020-02-27 09:30:12',9,'',16,4,2,268),
(77,'2020-03-20 09:56:58',NULL,0,'2019-08-06 14:23:49',41,'',17,1,1,269),
(78,'2020-03-20 09:56:58',NULL,0,'2019-11-14 10:08:15',133,'',17,1,2,270),
(79,'2020-03-20 09:56:58',NULL,0,'2020-03-15 23:02:38',115,'',17,1,1,271),
(80,'2020-03-20 09:56:58',NULL,0,'2019-12-18 18:56:59',149,'',17,1,1,272),
(81,'2020-03-20 09:56:58',NULL,0,'2019-05-12 15:40:51',112,'',17,1,1,273),
(82,'2020-03-20 09:56:58',NULL,0,'2019-09-27 21:05:47',59,'',18,2,2,274),
(83,'2020-03-20 09:56:58',NULL,0,'2020-01-02 15:43:20',190,'',18,2,1,275),
(84,'2020-03-20 09:56:58',NULL,0,'2020-01-08 20:34:22',113,'',18,2,2,276),
(85,'2020-03-20 09:56:58',NULL,0,'2019-09-05 20:44:41',71,'',18,2,2,277),
(86,'2020-03-20 09:56:58',NULL,0,'2019-03-30 10:20:41',182,'',18,2,1,278),
(87,'2020-03-20 09:56:58',NULL,0,'2019-12-02 02:03:35',121,'',19,3,1,279),
(88,'2020-03-20 09:56:58',NULL,0,'2020-01-04 07:12:38',197,'',19,3,2,280),
(89,'2020-03-20 09:56:58',NULL,0,'2020-02-26 19:06:43',133,'',20,4,2,281),
(90,'2020-03-20 09:56:58',NULL,0,'2020-02-28 09:49:28',178,'',20,4,1,282),
(91,'2020-03-20 09:56:59',NULL,0,'2019-08-13 14:41:21',83,'',20,4,1,283),
(92,'2020-03-20 09:56:59',NULL,0,'2020-03-02 03:19:59',82,'',21,1,1,284),
(93,'2020-03-20 09:56:59',NULL,0,'2020-02-08 14:14:50',32,'',21,1,1,285),
(94,'2020-03-20 09:56:59',NULL,0,'2020-01-22 10:14:59',58,'',21,1,2,286),
(95,'2020-03-20 09:56:59',NULL,0,'2020-01-16 03:49:53',119,'',21,1,1,287),
(96,'2020-03-20 09:56:59',NULL,0,'2019-05-23 02:47:43',160,'',21,1,1,288),
(97,'2020-03-20 09:56:59',NULL,0,'2020-01-04 04:15:08',166,'',21,1,1,289),
(98,'2020-03-20 09:56:59',NULL,0,'2019-12-23 21:38:57',91,'',22,2,2,290),
(99,'2020-03-20 09:56:59',NULL,0,'2019-03-20 16:29:08',105,'',23,3,2,291),
(100,'2020-03-20 09:56:59',NULL,0,'2019-11-07 13:45:19',77,'',24,4,2,292),
(101,'2020-03-20 09:56:59',NULL,0,'2019-09-09 13:28:41',46,'',24,4,1,293),
(102,'2020-03-20 09:56:59',NULL,0,'2019-12-18 11:40:51',72,'',24,4,2,294),
(103,'2020-03-20 09:57:00',NULL,0,'2019-12-10 08:09:34',128,'',24,4,1,295),
(104,'2020-03-20 09:57:00',NULL,0,'2019-07-05 12:42:49',27,'',24,4,1,296),
(105,'2020-03-20 09:57:00',NULL,0,'2020-03-01 23:35:58',55,'',25,1,2,297),
(106,'2020-03-20 09:57:00',NULL,0,'2020-02-09 19:34:52',179,'',25,1,1,298),
(107,'2020-03-20 09:57:00',NULL,0,'2019-04-04 03:12:48',125,'',25,1,2,299),
(108,'2020-03-20 09:57:00',NULL,0,'2019-09-02 05:25:38',81,'',25,1,2,300),
(109,'2020-03-20 09:57:00',NULL,0,'2019-11-15 15:32:14',82,'',25,1,1,301),
(110,'2020-03-20 09:57:00',NULL,0,'2019-08-19 15:05:52',38,'',25,1,1,302),
(111,'2020-03-20 09:57:00',NULL,0,'2019-04-01 10:23:43',180,'',25,1,2,303),
(112,'2020-03-20 09:57:00',NULL,0,'2020-02-02 01:42:37',92,'',25,1,2,304),
(113,'2020-03-20 09:57:00',NULL,0,'2019-06-05 06:57:14',93,'',25,1,1,305),
(114,'2020-03-20 09:57:00',NULL,0,'2019-06-24 22:53:32',2,'',26,2,2,306),
(115,'2020-03-20 09:57:00',NULL,0,'2019-09-03 16:12:19',173,'',26,2,1,307),
(116,'2020-03-20 09:57:00',NULL,0,'2019-05-09 19:10:41',82,'',26,2,2,308),
(117,'2020-03-20 09:57:01',NULL,0,'2019-09-20 15:58:14',174,'',26,2,2,309),
(118,'2020-03-20 09:57:01',NULL,0,'2019-07-02 07:02:17',97,'',26,2,1,310),
(119,'2020-03-20 09:57:01',NULL,0,'2019-11-02 20:04:00',147,'',26,2,1,311),
(120,'2020-03-20 09:57:01',NULL,0,'2019-12-30 07:18:10',157,'',26,2,1,312),
(121,'2020-03-20 09:57:01',NULL,0,'2019-12-19 10:11:44',57,'',27,3,1,313),
(122,'2020-03-20 09:57:01',NULL,0,'2019-10-14 12:15:37',21,'',27,3,1,314),
(123,'2020-03-20 09:57:01',NULL,0,'2019-05-05 08:26:46',109,'',27,3,2,315),
(124,'2020-03-20 09:57:01',NULL,0,'2019-07-24 10:50:20',85,'',27,3,1,316),
(125,'2020-03-20 09:57:01',NULL,0,'2020-01-13 04:15:23',49,'',27,3,1,317),
(126,'2020-03-20 09:57:01',NULL,0,'2019-09-27 22:30:17',101,'',27,3,2,318),
(127,'2020-03-20 09:57:01',NULL,0,'2019-10-11 19:25:27',68,'',27,3,1,319),
(128,'2020-03-20 09:57:01',NULL,0,'2019-12-20 14:18:07',73,'',27,3,2,320),
(129,'2020-03-20 09:57:01',NULL,0,'2019-12-27 14:49:43',32,'',28,4,1,321),
(130,'2020-03-20 09:57:01',NULL,0,'2020-02-12 04:44:16',123,'',28,4,1,322),
(131,'2020-03-20 09:57:02',NULL,0,'2019-05-05 06:36:20',130,'',28,4,1,323),
(132,'2020-03-20 09:57:02',NULL,0,'2019-12-19 21:35:26',66,'',28,4,1,324),
(133,'2020-03-20 09:57:02',NULL,0,'2019-05-03 23:31:13',101,'',28,4,1,325),
(134,'2020-03-20 09:57:02',NULL,0,'2019-05-23 22:59:15',119,'',28,4,1,326),
(135,'2020-03-20 09:57:02',NULL,0,'2020-03-16 14:24:23',149,'',29,1,1,327),
(136,'2020-03-20 09:57:02',NULL,0,'2019-04-05 11:25:13',151,'',29,1,2,328),
(137,'2020-03-20 09:57:02',NULL,0,'2020-02-26 18:21:24',164,'',30,2,1,329),
(138,'2020-03-20 09:57:02',NULL,0,'2019-07-04 21:50:59',171,'',30,2,2,330),
(139,'2020-03-20 09:57:02',NULL,0,'2019-06-09 02:38:13',23,'',31,3,1,331),
(140,'2020-03-20 09:57:02',NULL,0,'2019-10-28 08:00:03',57,'',32,4,1,332),
(141,'2020-03-20 09:57:02',NULL,0,'2019-06-13 05:16:23',86,'',32,4,1,333),
(142,'2020-03-20 09:57:02',NULL,0,'2019-12-27 21:27:47',135,'',32,4,2,334),
(143,'2020-03-20 09:57:02',NULL,0,'2019-09-25 00:05:13',157,'',33,1,1,335),
(144,'2020-03-20 09:57:03',NULL,0,'2019-04-28 07:03:47',87,'',33,1,2,336),
(145,'2020-03-20 09:57:03',NULL,0,'2019-06-28 03:14:29',145,'',33,1,2,337),
(146,'2020-03-20 09:57:03',NULL,0,'2019-10-27 21:08:46',72,'',33,1,2,338),
(147,'2020-03-20 09:57:03',NULL,0,'2019-07-06 06:52:46',172,'',33,1,2,339),
(148,'2020-03-20 09:57:03',NULL,0,'2019-10-10 17:33:46',154,'',33,1,2,340),
(149,'2020-03-20 09:57:03',NULL,0,'2019-10-11 23:50:19',190,'',33,1,2,341),
(150,'2020-03-20 09:57:03',NULL,0,'2019-06-09 13:42:48',95,'',33,1,2,342),
(151,'2020-03-20 09:57:03',NULL,0,'2019-11-24 09:19:47',107,'',33,1,1,343),
(152,'2020-03-20 09:57:03',NULL,0,'2019-05-27 23:00:26',38,'',34,2,1,344),
(153,'2020-03-20 09:57:03',NULL,0,'2019-10-23 08:03:54',117,'',34,2,2,345),
(154,'2020-03-20 09:57:03',NULL,0,'2019-07-11 05:58:16',36,'',34,2,1,346),
(155,'2020-03-20 09:57:03',NULL,0,'2020-01-01 20:52:09',118,'',34,2,1,347),
(156,'2020-03-20 09:57:03',NULL,0,'2019-10-11 12:49:25',162,'',34,2,2,348),
(157,'2020-03-20 09:57:03',NULL,0,'2019-07-05 06:17:10',172,'',35,3,1,349),
(158,'2020-03-20 09:57:04',NULL,0,'2019-08-21 06:35:37',47,'',35,3,1,350),
(159,'2020-03-20 09:57:04',NULL,0,'2020-02-05 11:03:19',70,'',35,3,2,351),
(160,'2020-03-20 09:57:04',NULL,0,'2019-12-14 07:17:09',121,'',35,3,1,352),
(161,'2020-03-20 09:57:04',NULL,0,'2019-05-07 10:57:55',162,'',35,3,1,353),
(162,'2020-03-20 09:57:04',NULL,0,'2019-11-05 09:21:51',164,'',35,3,1,354),
(163,'2020-03-20 09:57:04',NULL,0,'2019-05-11 19:03:32',177,'',35,3,2,355),
(164,'2020-03-20 09:57:04',NULL,0,'2019-07-21 14:54:41',79,'',35,3,2,356),
(165,'2020-03-20 09:57:04',NULL,0,'2019-12-20 05:33:19',90,'',35,3,1,357),
(166,'2020-03-20 09:57:04',NULL,0,'2019-12-25 11:30:34',18,'',36,4,1,358),
(167,'2020-03-20 09:57:04',NULL,0,'2019-08-25 16:19:25',14,'',36,4,2,359),
(168,'2020-03-20 09:57:04',NULL,0,'2019-11-02 06:49:27',163,'',36,4,2,360),
(169,'2020-03-20 09:57:04',NULL,0,'2019-09-26 15:49:28',49,'',36,4,1,361),
(170,'2020-03-20 09:57:04',NULL,0,'2020-01-04 14:13:47',12,'',36,4,2,362),
(171,'2020-03-20 09:57:05',NULL,0,'2019-10-11 08:27:16',91,'',36,4,1,363),
(172,'2020-03-20 09:57:05',NULL,0,'2019-06-08 07:09:13',42,'',36,4,2,364),
(173,'2020-03-20 09:57:05',NULL,0,'2019-05-02 02:10:20',152,'',36,4,2,365),
(174,'2020-03-20 09:57:05',NULL,0,'2019-04-21 03:23:32',177,'',37,1,2,366),
(175,'2020-03-20 09:57:05',NULL,0,'2019-08-24 14:02:28',3,'',37,1,2,367),
(176,'2020-03-20 09:57:05',NULL,0,'2019-07-03 08:17:02',183,'',37,1,1,368),
(177,'2020-03-20 09:57:05',NULL,0,'2020-03-09 08:32:33',170,'',37,1,1,369),
(178,'2020-03-20 09:57:05',NULL,0,'2019-06-27 16:11:12',13,'',38,2,1,370),
(179,'2020-03-20 09:57:05',NULL,0,'2019-10-17 08:23:21',75,'',38,2,1,371),
(180,'2020-03-20 09:57:05',NULL,0,'2019-04-13 21:45:12',116,'',38,2,1,372),
(181,'2020-03-20 09:57:05',NULL,0,'2020-02-15 19:15:03',103,'',38,2,1,373),
(182,'2020-03-20 09:57:05',NULL,0,'2019-12-10 08:31:47',177,'',38,2,1,374),
(183,'2020-03-20 09:57:05',NULL,0,'2020-01-22 17:14:36',147,'',39,3,2,375),
(184,'2020-03-20 09:57:05',NULL,0,'2019-08-09 03:04:54',137,'',40,4,2,376),
(185,'2020-03-20 09:57:06',NULL,0,'2019-09-03 22:24:57',77,'',40,4,1,377),
(186,'2020-03-20 09:57:06',NULL,0,'2019-06-28 06:43:44',169,'',40,4,2,378),
(187,'2020-03-20 09:57:06',NULL,0,'2019-05-23 19:15:25',125,'',40,4,2,379),
(188,'2020-03-20 09:57:06',NULL,0,'2020-01-24 08:40:33',84,'',40,4,1,380),
(189,'2020-03-20 09:57:06',NULL,0,'2019-12-10 21:01:28',114,'',40,4,1,381),
(190,'2020-03-20 09:57:06',NULL,0,'2019-08-05 06:40:43',54,'',40,4,2,382),
(191,'2020-03-20 09:57:06',NULL,0,'2019-04-13 10:19:47',40,'',40,4,1,383),
(192,'2020-03-20 09:57:06',NULL,0,'2019-11-21 06:46:09',91,'',40,4,2,384);

/*Data for the table `terms_conditions` */

insert  into `terms_conditions`(`id`,`created`,`updated`,`deleted`,`terms`) values 
(1,'2020-03-20 09:57:21',NULL,0,'\n  Lorem ipsum dolor sit amet, consectetur adipiscing elit. Sed vel dapibus diam. Etiam mattis elit eget faucibus scelerisque. Quisque luctus convallis nisl, sed vestibulum ex tempor ac. Phasellus tempor in ligula quis malesuada. Quisque odio mi, condimentum vel pretium sit amet, convallis sed velit. Nulla facilisi. Aliquam justo sapien, imperdiet eget tempus eu, facilisis id ligula. Maecenas urna enim, tempor non ante et, pharetra pretium nisi. Lorem ipsum dolor sit amet, consectetur adipiscing elit. Suspendisse ultrices, turpis ut vulputate ornare, elit urna molestie magna, vitae efficitur nulla nisi nec nisi. Nam vitae laoreet eros. Suspendisse luctus commodo tellus at porta. Vestibulum gravida libero erat, ac venenatis odio semper id. Aenean ornare est et diam vulputate, vitae ultrices dolor rhoncus. Proin nibh erat, bibendum ac turpis consequat, imperdiet fringilla dolor. Vivamus sed maximus ligula, et gravida ex.  \n  Donec mattis, enim vitae molestie faucibus, velit sem consectetur est, in aliquam massa odio ut sapien. Pellentesque consequat tempus sapien id accumsan. Nam ultrices quis dui vulputate facilisis. Vestibulum ante ipsum primis in faucibus orci luctus et ultrices posuere cubilia Curae; Sed sit amet diam finibus purus cursus interdum. Donec sapien arcu, pharetra non leo ornare, molestie mattis tellus. Aenean ac ex eget dolor facilisis rhoncus. Ut mattis id nisi gravida finibus. Morbi efficitur eget nisl in dapibus.  \n  Integer est elit, dapibus a nisl a, bibendum elementum dui. Nullam volutpat risus eget condimentum sagittis. Integer sed est gravida, tempor nisi et, dapibus orci. Maecenas ante nibh, mollis at tincidunt condimentum, dignissim lacinia felis. Fusce sollicitudin felis diam, eget dignissim enim fermentum a. Vivamus facilisis cursus dui, at blandit mi vestibulum quis. Curabitur sit amet porttitor felis, a rutrum libero. Aliquam finibus arcu enim. Maecenas vulputate metus urna, eu tincidunt neque venenatis imperdiet. Vestibulum in erat vel purus facilisis ultricies quis nec lectus.  \n  Quisque sit amet egestas odio. In feugiat ex ut ante scelerisque posuere. Aliquam sagittis finibus mauris, in tincidunt nunc porttitor quis. Aliquam erat volutpat. In felis turpis, pharetra sit amet venenatis in, fringilla non est. Cras nec metus vel leo faucibus aliquet. Vestibulum ante ipsum primis in faucibus orci luctus et ultrices posuere cubilia Curae; Etiam rhoncus quam in erat ornare pharetra.  \n  Suspendisse mollis gravida tellus, et volutpat ex consequat vitae. Donec ac sapien ultrices sapien ultrices varius. Maecenas vel blandit quam, eget vehicula eros. Aliquam ut hendrerit turpis. Phasellus viverra leo eget nisl scelerisque, non vestibulum leo vestibulum. Sed ac ante maximus nisi accumsan semper. Donec blandit, ipsum vel viverra dignissim, ligula arcu gravida mi, ut ullamcorper ipsum mi ac ex. Quisque euismod neque arcu, in consequat nibh eleifend eu. Morbi vitae gravida leo. Vivamus sagittis mollis semper. Aliquam auctor velit ut enim finibus bibendum.  \n  Cras porta nunc et ipsum tempor, ut dapibus tellus cursus. Ut euismod, lacus quis facilisis tincidunt, nisl nibh cursus lacus, non porta orci ligula ut felis. Ut a mi ac sapien efficitur condimentum. Vivamus convallis turpis sit amet tortor vestibulum, tincidunt hendrerit elit finibus. Quisque posuere elit a nulla elementum, quis lacinia quam convallis. Etiam at consequat risus. Sed tincidunt nulla non odio venenatis, ac congue purus hendrerit. Etiam ultrices maximus massa vel eleifend. Sed mollis mollis dui, viverra luctus quam finibus id. Suspendisse mollis, lectus ac imperdiet eleifend, erat eros molestie metus, at mattis purus urna sed nunc. Integer justo turpis, scelerisque vel sapien in, euismod ultrices tortor. Integer vitae gravida enim.  \n  Nulla varius erat velit, molestie tincidunt eros cursus et. Sed et metus et lectus ullamcorper efficitur et eget lorem. Nulla diam augue, ultrices non urna a, accumsan hendrerit risus. Aliquam finibus ipsum sem, in hendrerit arcu imperdiet vel. Curabitur ultrices a urna et efficitur. Duis quam diam, ultrices at sapien at, gravida cursus dui. Sed tincidunt quam quis ex feugiat placerat. Phasellus leo urna, fringilla sed est a, placerat cursus arcu. Vestibulum auctor nibh eget interdum blandit. Aliquam ut accumsan libero. Quisque in molestie velit. Nunc vehicula ex sed diam finibus rutrum. Vestibulum ante ipsum primis in faucibus orci luctus et ultrices posuere cubilia Curae; Vivamus id lorem eu ligula consectetur convallis. In sagittis magna risus, non pellentesque neque volutpat eget.  \n  Sed sed nisl at lacus rutrum maximus. Morbi tristique aliquet magna sed elementum. Donec pharetra tincidunt tortor eget faucibus. Curabitur ut sodales purus, sit amet interdum orci. Pellentesque mollis convallis quam, id aliquam sem mattis a. Nam vel nunc varius, tincidunt risus non, rutrum velit. In bibendum nisi ac tortor rutrum tempor. Integer id porta quam. Nam a justo eget ex scelerisque ullamcorper non vulputate nunc. Morbi sit amet hendrerit sapien. Nam nec neque accumsan est lacinia faucibus sed consectetur odio. Vestibulum in bibendum dolor. Integer cursus eros sit amet est gravida, eu imperdiet nisl aliquam. Vivamus tempor consectetur dolor, ullamcorper iaculis sem porta quis.  \n  Cras id consectetur enim. Etiam sed augue ut massa pretium molestie. Mauris sagittis massa ac neque dignissim, vitae tincidunt mi luctus. Orci varius natoque penatibus et magnis dis parturient montes, nascetur ridiculus mus. Sed ullamcorper non nibh nec malesuada. Nullam pulvinar lectus velit. Integer id tempor diam, nec rutrum augue.  \n  Sed odio tortor, mollis ut leo sed, ultrices volutpat ligula. Mauris fermentum felis diam, vel fringilla dui placerat in. Quisque a justo varius, tincidunt odio id, eleifend elit. Nullam hendrerit lobortis eros at tempor. Morbi eget accumsan sapien. Duis maximus orci quis convallis aliquet. Etiam urna tortor, tristique sit amet pulvinar elementum, fringilla sit amet mi. Nam euismod pellentesque augue, eu consectetur risus feugiat quis. In imperdiet convallis volutpat. Maecenas cursus blandit diam. Duis ut magna nec dolor auctor pretium. Vivamus non nulla urna.');

/*Data for the table `user` */

insert  into `user`(`id`,`created`,`updated`,`deleted`,`username`,`password`,`reset_password_code`) values 
(1,'2020-03-20 09:56:13',NULL,0,'demo@demo.com','$2a$10$IxDcXE5HVqiBleDnEsG2pefRB6/aq7L8lIxHS8iu3GHO7aHJFW9iW',''),
(2,'2020-03-20 09:56:13',NULL,0,'iker_delgado@mail.com','$2a$10$wrAcF3hEqT4RZEDPEXsbJegOi68zJMIe/ZBQCTPWfZ3d.IMPzHw1O',''),
(3,'2020-03-20 09:56:13',NULL,0,'franco_cola@mail.com','$2a$10$UxWKa2yZZWtO8ngil9NEs.eB.89/8Bj3mCkygDEmIrYc4Ya/.MYLa',''),
(4,'2020-03-20 09:56:13',NULL,0,'ivan_cola@outlook.com','$2a$10$9WHzI4YfVPDUmeycqTNpo.yHkkF1hdlMTfLT/aZVoPkWN2LV236.i',''),
(5,'2020-03-20 09:56:14',NULL,0,'carlos_hernandez@mail.com','$2a$10$6MKV4a6UuOs9pO385PtVwey6rPxw62KSiyxjLwJ0UlQfjIjqUADKm',''),
(6,'2020-03-20 09:56:14',NULL,0,'iker_velez@mail.com','$2a$10$iUaiuufrfg3kw32N7Gx8F./.azWvVqKjzgaCTTAbe8cK3cv8SDMsa',''),
(7,'2020-03-20 09:56:14',NULL,0,'nicolas_lopez@yahoo.com','$2a$10$6Wh2O8nbM./4yc9vJwhLZe0c/hKsucta9hjJHHwRuuw3RQDXy4Y7y',''),
(8,'2020-03-20 09:56:14',NULL,0,'pedro_cortes@yahoo.com','$2a$10$UkcArYMIyEp9eL1oBWaXauR8MoRGl.wRhxNJW2E8VkR1SXiV8QQCS',''),
(9,'2020-03-20 09:56:15',NULL,0,'isaac_velazquez@mail.com','$2a$10$HTg28CB20TE8dw5LIPfJjOCaE9z/4oYYLsgSHC5WJ0YxtGO5LjDfW',''),
(10,'2020-03-20 09:56:15',NULL,0,'juan jose_dominguez@gmail.com','$2a$10$a7nVZjqIzkBevcy.FUNqzOUEXqvyoD.zfZ4OjIxoG/sRiS9hFA81.',''),
(11,'2020-03-20 09:56:15',NULL,0,'admin','$2a$10$PVHTFD/zCTKZcVjwVrf1veyx1mfxwq8.JmwUYGMPrQAjaaXfMO3fa',''),
(12,'2020-03-20 09:56:15',NULL,0,'coverage','$2a$10$izC1hPvlUHdBj/ltaq2ggeZr8qGLjCyf0hQuf469WfEdBE4vrsmoi',''),
(13,'2020-03-20 09:56:17',NULL,0,'el_chango_administrator@mail.com','$2a$10$ttLgnnjNhTdxr/mePTv70uFYeF3.4awhm6.5z5nWIaczGPZW2dMzm',''),
(14,'2020-03-20 09:56:18',NULL,0,'independencia_administrator@yahoo.com','$2a$10$nngsC/sxz9p4.eU97O3Foujrc5mguIdfgJrIicz/RIZ3D6/wH1dcW',''),
(15,'2020-03-20 09:56:18',NULL,0,'el_chango_maximiliano_cano@yahoo.com','$2a$10$V81z6WdnBf3svYaY8qjiZ.N/7IIOqPUvDen5RtbDwzcTDc2J7cirW',''),
(16,'2020-03-20 09:56:19',NULL,0,'el_chango_jorge_cola@gmail.com','$2a$10$0Nborvv.5FzvhovvyC/9ruLtzfT2nWBSnzBZnCavcNPNlQGaLoFFi',''),
(17,'2020-03-20 09:56:19',NULL,0,'el_chango_diego_rubio@outlook.com','$2a$10$6XU.OQAVpvcTAScnRnHkqu1OWJXodIJx.wzoqezW63b.cV2d8dq7u',''),
(18,'2020-03-20 09:56:19',NULL,0,'el_chango_francisco_cola@mail.com','$2a$10$4ajYjX8Pwya.SKSxIgtIF.LKkhWHzC8aZNBm5ekib9PzprSMbUi2O',''),
(19,'2020-03-20 09:56:19',NULL,0,'el_chango_dylan_velez@live.com','$2a$10$32nclJJfMHCWxGc7Mcr77uRxdQMZBD80xes3UOcdnhS9RbJAvsU8a',''),
(20,'2020-03-20 09:56:19',NULL,0,'el_chango_alan_orejon@gmail.com','$2a$10$6vCBuCqeTJ.YwT0mCcTeUefvG/zpQCbGO6alo8iLIo/RbbRO2VTsO',''),
(21,'2020-03-20 09:56:19',NULL,0,'el_chango_maximo_fernandez@mail.com','$2a$10$SX.fZmbFFOTOzCeUY1iX1uLagHSJC5VAjpb.sHXSQ3FSqLB48wKEC',''),
(22,'2020-03-20 09:56:19',NULL,0,'el_chango_juan_pablo_martinez@gmail.com','$2a$10$38mbZJLVUMrljYOVjnpU8O.RNPtqRM4gNdKUm107cwcSnz9fRxLRG',''),
(23,'2020-03-20 09:56:19',NULL,0,'el_chango_sergio_moreno@mail.com','$2a$10$Ac3vAM.hLxY4YxvZN/NUbO3uICFCllE85DjwB.fv1qBvpHU1Hreta',''),
(24,'2020-03-20 09:56:20',NULL,0,'el_chango_juan_pablo_cano@mail.com','$2a$10$GrE53U/npPqMkIzeAPc70.sd2OKdFx5P9VDR/Nrja86VLQTFBbACC',''),
(25,'2020-03-20 09:56:20',NULL,0,'independencia_joshua_rubio@gmail.com','$2a$10$dUy6U7SVBHyoHKlZGScbo.5KzEcXgohXcvw7jN8VOAUzgEgRk4m8u',''),
(26,'2020-03-20 09:56:20',NULL,0,'independencia_juan_sebastian_velazquez@outlook.com','$2a$10$gM7GLdEZJbyftznGB26AZeY2oxhmBw1aTYXGKQiz8D8BeVWMOOEpy',''),
(27,'2020-03-20 09:56:20',NULL,0,'independencia_ivan_ramirez@yahoo.com','$2a$10$soKi9kOzTikfY/FhB0lnX.9RhKh12i4Kc0EH2EjuPxsn3vb52QQZa',''),
(28,'2020-03-20 09:56:20',NULL,0,'independencia_isaac_lopez@gmail.com','$2a$10$6Ngv9BY6KXLO5mIMqNcP3u71RXHlgnrracifNB.ei.qvbqqiYEaze',''),
(29,'2020-03-20 09:56:20',NULL,0,'independencia_dylan_garza@outlook.com','$2a$10$wBos0WSsGYXwpiB4esoDkeoD3EISvTWFXwMrtd/g7UgWJ/jQeW.Wy',''),
(30,'2020-03-20 09:56:20',NULL,0,'independencia_juan_sebastian_cola@live.com','$2a$10$8WEKCP/zF7aSnLahEmdKuOxgRBA4cUxqu5m2BrZSXfZcoqsZziH6O',''),
(31,'2020-03-20 09:56:20',NULL,0,'independencia_valentino_delgado@mail.com','$2a$10$ChhcvYLw/DhZSpE6QktdEu8yFZTQzyozA3qSGyWEaehzOan6MRGF6',''),
(32,'2020-03-20 09:56:21',NULL,0,'independencia_iker_sanchez@mail.com','$2a$10$794uXtDk8ihOh.QY/MdIeuYLy5CvOh2sbAsRQXmkXgvuT/65uiOkm',''),
(33,'2020-03-20 09:56:21',NULL,0,'independencia_maximo_velazquez@live.com','$2a$10$ZqvFZzE5ILqrG16Ip/hNqOWqLGQi/9VvcbZ.p/AaiXFuTDAtYp4lK',''),
(34,'2020-03-20 09:56:21',NULL,0,'independencia_juan_diego_hernandez@gmail.com','$2a$10$SFnrmvm5w8A6oIXC3S2LYObCF7B9llSdTsSgTzjvB06ypXtKR//zS','');

/*Data for the table `user_roles_role` */

insert  into `user_roles_role`(`user_id`,`role_id`) values 
(1,2),
(2,2),
(3,2),
(4,2),
(5,2),
(6,2),
(7,2),
(8,2),
(9,2),
(10,2),
(11,1),
(12,5),
(13,4),
(14,4),
(15,3),
(16,3),
(17,3),
(18,3),
(19,3),
(20,3),
(21,3),
(22,3),
(23,3),
(24,3),
(25,3),
(26,3),
(27,3),
(28,3),
(29,3),
(30,3),
(31,3),
(32,3),
(33,3),
(34,3);

/*Data for the table `wallet` */

insert  into `wallet`(`id`,`created`,`updated`,`deleted`,`litres`,`fuel_type_id`,`customer_id`) values 
(1,'2020-03-20 09:56:15',NULL,0,334,1,1),
(2,'2020-03-20 09:56:15',NULL,0,511,2,1),
(3,'2020-03-20 09:56:15',NULL,0,202,3,1),
(4,'2020-03-20 09:56:15',NULL,0,11,4,1),
(5,'2020-03-20 09:56:16',NULL,0,996,1,2),
(6,'2020-03-20 09:56:16',NULL,0,517,2,2),
(7,'2020-03-20 09:56:16',NULL,0,1057,3,2),
(8,'2020-03-20 09:56:16',NULL,0,513,4,2),
(9,'2020-03-20 09:56:16',NULL,0,191,1,3),
(10,'2020-03-20 09:56:16',NULL,0,495,2,3),
(11,'2020-03-20 09:56:16',NULL,0,807,3,3),
(12,'2020-03-20 09:56:16',NULL,0,527,4,3),
(13,'2020-03-20 09:56:16',NULL,0,1360,1,4),
(14,'2020-03-20 09:56:16',NULL,0,1358,2,4),
(15,'2020-03-20 09:56:16',NULL,0,1392,3,4),
(16,'2020-03-20 09:56:16',NULL,0,1346,4,4),
(17,'2020-03-20 09:56:16',NULL,0,378,1,5),
(18,'2020-03-20 09:56:16',NULL,0,458,2,5),
(19,'2020-03-20 09:56:16',NULL,0,535,3,5),
(20,'2020-03-20 09:56:16',NULL,0,392,4,5),
(21,'2020-03-20 09:56:16',NULL,0,257,1,6),
(22,'2020-03-20 09:56:16',NULL,0,1028,2,6),
(23,'2020-03-20 09:56:16',NULL,0,812,3,6),
(24,'2020-03-20 09:56:16',NULL,0,785,4,6),
(25,'2020-03-20 09:56:16',NULL,0,1074,1,7),
(26,'2020-03-20 09:56:16',NULL,0,1004,2,7),
(27,'2020-03-20 09:56:16',NULL,0,1386,3,7),
(28,'2020-03-20 09:56:16',NULL,0,1099,4,7),
(29,'2020-03-20 09:56:16',NULL,0,725,1,8),
(30,'2020-03-20 09:56:16',NULL,0,1017,2,8),
(31,'2020-03-20 09:56:16',NULL,0,59,3,8),
(32,'2020-03-20 09:56:16',NULL,0,999,4,8),
(33,'2020-03-20 09:56:16',NULL,0,961,1,9),
(34,'2020-03-20 09:56:16',NULL,0,1352,2,9),
(35,'2020-03-20 09:56:16',NULL,0,313,3,9),
(36,'2020-03-20 09:56:16',NULL,0,963,4,9),
(37,'2020-03-20 09:56:16',NULL,0,80,1,10),
(38,'2020-03-20 09:56:17',NULL,0,10,2,10),
(39,'2020-03-20 09:56:17',NULL,0,118,3,10),
(40,'2020-03-20 09:56:17',NULL,0,614,4,10);

/*!40101 SET SQL_MODE=@OLD_SQL_MODE */;
/*!40014 SET FOREIGN_KEY_CHECKS=@OLD_FOREIGN_KEY_CHECKS */;
/*!40014 SET UNIQUE_CHECKS=@OLD_UNIQUE_CHECKS */;
/*!40111 SET SQL_NOTES=@OLD_SQL_NOTES */;
